image_id,center_id,patient_id,image_num,label,archivo_oficial
509042_0,1,509042,0,CE,train/509042_0.tif
9874eb_0,1,9874eb,0,CE,train/9874eb_0.tif
5d4b88_0,2,5d4b88,0,CE,train/5d4b88_0.tif
dd6316_0,2,dd6316,0,CE,train/dd6316_0.tif
4d15a9_0,3,4d15a9,0,CE,train/4d15a9_0.tif
b525a8_0,3,b525a8,0,CE,train/b525a8_0.tif
0cc0bc_0,4,0cc0bc,0,CE,train/0cc0bc_0.tif
b1f248_0,4,b1f248,0,CE,train/b1f248_0.tif
21726e_0,5,21726e,0,CE,train/21726e_0.tif
abfcb7_0,5,abfcb7,0,CE,train/abfcb7_0.tif
140d1a_0,6,140d1a,0,CE,train/140d1a_0.tif
a59c0d_0,6,a59c0d,0,CE,train/a59c0d_0.tif
991ad1_0,7,991ad1,0,CE,train/991ad1_0.tif
fd3079_0,7,fd3079,0,CE,train/fd3079_0.tif
4ded24_0,8,4ded24,0,CE,train/4ded24_0.tif
fd418f_0,8,fd418f,0,CE,train/fd418f_0.tif
579988_0,9,579988,0,CE,train/579988_0.tif
c78d6b_0,9,c78d6b,0,CE,train/c78d6b_0.tif
588e11_0,10,588e11,0,CE,train/588e11_0.tif
2745fc_0,11,2745fc,0,CE,train/2745fc_0.tif
c5d171_0,1,c5d171,0,LAA,train/c5d171_0.tif
c9ab6c_0,1,c9ab6c,0,LAA,train/c9ab6c_0.tif
2a25b9_0,2,2a25b9,0,LAA,train/2a25b9_0.tif
dae554_0,2,dae554,0,LAA,train/dae554_0.tif
5ae30a_0,3,5ae30a,0,LAA,train/5ae30a_0.tif
9f7649_0,3,9f7649,0,LAA,train/9f7649_0.tif
6e08cb_0,4,6e08cb,0,LAA,train/6e08cb_0.tif
6fac27_0,4,6fac27,0,LAA,train/6fac27_0.tif
028989_0,5,028989,0,LAA,train/028989_0.tif
821964_0,5,821964,0,LAA,train/821964_0.tif
055f6a_0,6,055f6a,0,LAA,train/055f6a_0.tif
424c9d_0,6,424c9d,0,LAA,train/424c9d_0.tif
70c523_0,7,70c523,0,LAA,train/70c523_0.tif
862501_0,7,862501,0,LAA,train/862501_0.tif
113bb3_0,8,113bb3,0,LAA,train/113bb3_0.tif
c31442_0,8,c31442,0,LAA,train/c31442_0.tif
1f018f_0,9,1f018f,0,LAA,train/1f018f_0.tif
ac2147_0,9,ac2147,0,LAA,train/ac2147_0.tif
53e0d7_0,10,53e0d7,0,LAA,train/53e0d7_0.tif
9961af_0,11,9961af,0,LAA,train/9961af_0.tif
