patient_id,center_id,label,particion,n_imagenes
006388,11,CE,entrenamiento,1
008e5c,11,CE,entrenamiento,1
00c058,11,LAA,validacion,1
01adc5,11,LAA,validacion,1
026c97,4,CE,entrenamiento,1
028989,5,LAA,entrenamiento,1
029c68,5,CE,entrenamiento,1
032f10,7,CE,entrenamiento,1
0372b0,7,CE,entrenamiento,1
037300,11,CE,entrenamiento,1
03d1ec,11,LAA,validacion,1
03e6b7,7,CE,prueba,1
0415c3,1,CE,entrenamiento,1
04439c,11,CE,entrenamiento,1
045eb0,11,CE,entrenamiento,1
0468a8,11,CE,validacion,2
049194,5,CE,entrenamiento,2
04f7a4,11,CE,entrenamiento,1
055f6a,6,LAA,entrenamiento,1
05a1ec,11,CE,entrenamiento,1
062387,6,LAA,entrenamiento,1
070fe0,4,CE,entrenamiento,1
08d3d8,4,LAA,entrenamiento,1
09644e,10,CE,entrenamiento,5
098f15,4,LAA,entrenamiento,1
0a3ad1,7,LAA,validacion,1
0a47c9,1,LAA,entrenamiento,1
0aaeb3,6,CE,prueba,1
0aff58,10,CE,prueba,1
0b25f8,6,CE,entrenamiento,1
0b7871,4,CE,entrenamiento,2
0b7cc8,4,CE,entrenamiento,1
0ba49d,11,CE,entrenamiento,1
0bd414,3,LAA,entrenamiento,1
0bddf9,11,CE,entrenamiento,1
0c60b8,1,CE,prueba,1
0cc0bc,4,CE,entrenamiento,1
0d4164,11,CE,validacion,1
0d533f,2,CE,entrenamiento,1
0d718a,11,CE,entrenamiento,1
0d93ce,11,CE,entrenamiento,1
0df5f8,11,CE,prueba,1
0e4dac,11,CE,entrenamiento,1
0e696a,5,CE,validacion,2
0ed87f,2,CE,entrenamiento,2
0ee750,6,LAA,prueba,2
0f2961,11,LAA,entrenamiento,1
0fcfe9,6,LAA,entrenamiento,1
0ff6fc,5,CE,entrenamiento,1
0ff890,7,CE,entrenamiento,1
112b6e,11,CE,prueba,2
113bb3,8,LAA,validacion,1
129102,4,CE,entrenamiento,1
1295bb,11,CE,entrenamiento,1
12c8c9,9,CE,entrenamiento,1
13f372,11,CE,entrenamiento,1
140d1a,6,CE,entrenamiento,1
14d2fa,11,CE,entrenamiento,1
15aab4,4,CE,entrenamiento,1
15de51,4,LAA,entrenamiento,1
162cad,11,LAA,entrenamiento,1
1764ff,4,CE,prueba,1
194e3f,11,CE,validacion,1
19b036,9,CE,entrenamiento,2
19dd95,6,CE,entrenamiento,1
1a2e9e,11,CE,prueba,1
1b86c5,4,CE,prueba,1
1bbcba,10,CE,validacion,1
1d0518,4,CE,entrenamiento,1
1d1bf0,11,CE,entrenamiento,1
1d5335,11,CE,entrenamiento,1
1d6d4f,11,CE,validacion,1
1db82d,4,LAA,entrenamiento,2
1ec69e,6,CE,validacion,1
1ef6da,7,CE,prueba,1
1f018f,9,LAA,prueba,1
1f9d4f,10,CE,entrenamiento,2
1fe0c4,1,CE,entrenamiento,1
1ffc5d,11,LAA,validacion,1
205025,11,CE,entrenamiento,1
20914b,11,CE,validacion,1
20d5cf,11,CE,prueba,1
214cfa,7,CE,entrenamiento,2
21726e,5,CE,entrenamiento,1
217b27,11,CE,prueba,1
21b106,11,CE,entrenamiento,1
2244d2,11,CE,entrenamiento,1
2268cf,11,CE,entrenamiento,1
2394f6,11,CE,entrenamiento,1
23b492,7,LAA,validacion,1
23d2c1,7,CE,prueba,3
2446b8,11,CE,entrenamiento,1
244aeb,4,LAA,prueba,3
245758,11,LAA,entrenamiento,1
24f8f5,1,CE,entrenamiento,1
250944,4,CE,validacion,1
251bfc,11,CE,entrenamiento,1
251c77,11,CE,prueba,1
2745fc,11,CE,entrenamiento,1
27afc7,4,CE,entrenamiento,1
280c26,7,CE,entrenamiento,2
282d0a,11,CE,prueba,1
283f35,1,CE,entrenamiento,1
288156,11,CE,prueba,1
291099,9,CE,entrenamiento,1
29a4f6,6,LAA,entrenamiento,1
29b1b7,11,LAA,prueba,1
2a25b9,2,LAA,entrenamiento,1
2a25cf,7,LAA,validacion,1
2b49d6,4,CE,entrenamiento,1
2b7304,3,LAA,validacion,3
2bcdd9,7,LAA,prueba,1
2bd8fe,6,LAA,entrenamiento,1
2c64b2,11,LAA,entrenamiento,1
2c8b18,2,CE,entrenamiento,1
2db520,7,CE,entrenamiento,1
2e3749,7,CE,entrenamiento,1
2e725a,11,LAA,entrenamiento,1
2e7d16,11,CE,entrenamiento,1
2e8763,10,LAA,entrenamiento,1
2eb2d7,11,CE,entrenamiento,1
2ecb46,4,CE,entrenamiento,1
2f4974,11,CE,entrenamiento,1
2f73a2,11,CE,entrenamiento,1
300145,11,LAA,entrenamiento,1
3020ef,11,CE,entrenamiento,1
313d30,1,LAA,entrenamiento,1
3152c0,10,CE,prueba,1
31588e,7,CE,prueba,1
31adaa,4,CE,entrenamiento,2
329006,11,LAA,entrenamiento,1
32e44f,11,CE,entrenamiento,1
33d071,11,CE,entrenamiento,1
33d2a7,11,CE,entrenamiento,1
33da32,7,CE,entrenamiento,1
34a278,4,LAA,entrenamiento,1
34c9bc,10,CE,entrenamiento,1
354f74,11,LAA,entrenamiento,1
355354,4,CE,validacion,2
35b75a,10,LAA,entrenamiento,1
366fd0,3,CE,entrenamiento,1
369366,3,CE,entrenamiento,1
36a149,11,CE,entrenamiento,1
37258c,1,CE,validacion,1
376cf6,11,CE,entrenamiento,1
379f1c,7,CE,entrenamiento,1
383f05,11,CE,prueba,1
384052,5,LAA,entrenamiento,1
392b24,1,CE,entrenamiento,1
395ea0,11,CE,entrenamiento,1
3982bf,11,LAA,entrenamiento,1
3a230b,11,CE,entrenamiento,1
3ab087,6,CE,entrenamiento,1
3ad0bb,4,CE,prueba,1
3b2c59,11,CE,validacion,1
3b7d81,7,CE,validacion,1
3bc9c9,3,CE,validacion,1
3bfe64,11,CE,entrenamiento,1
3c2c23,11,CE,entrenamiento,1
3cbdf3,11,CE,validacion,1
3d10be,4,CE,validacion,5
3d80c7,11,LAA,entrenamiento,1
3ee426,1,LAA,entrenamiento,1
3fe88b,11,CE,entrenamiento,1
3fe8a3,7,CE,entrenamiento,1
4094c4,1,CE,validacion,1
4188be,5,CE,entrenamiento,1
41b23c,3,LAA,entrenamiento,1
41b4ea,7,LAA,entrenamiento,2
41db5b,6,LAA,validacion,1
424c9d,6,LAA,entrenamiento,1
42529f,11,CE,validacion,1
437435,7,CE,entrenamiento,2
43c62b,7,CE,validacion,1
43eacb,11,CE,prueba,1
4550fb,11,CE,prueba,1
45a0e5,7,CE,entrenamiento,2
45c6ce,11,CE,validacion,1
45e3e0,11,CE,entrenamiento,1
464289,4,CE,validacion,1
4647d7,1,CE,prueba,1
4667f6,11,CE,entrenamiento,1
46def4,3,CE,entrenamiento,1
46e479,11,CE,validacion,1
4763a7,11,CE,entrenamiento,1
481ba8,5,LAA,entrenamiento,1
488cd4,11,CE,validacion,1
48af1a,7,CE,entrenamiento,1
4919a7,7,LAA,entrenamiento,1
4929cd,4,CE,prueba,1
497c27,11,LAA,prueba,1
49ea39,7,CE,entrenamiento,1
4a1152,4,CE,entrenamiento,1
4a4043,1,CE,validacion,1
4b8777,6,CE,entrenamiento,1
4bfb94,11,CE,entrenamiento,1
4c284f,6,CE,entrenamiento,1
4d15a9,3,CE,validacion,1
4ded24,8,CE,entrenamiento,1
4dfe1e,6,LAA,validacion,1
4e30e9,4,CE,prueba,1
4f49c1,4,CE,validacion,1
4f6fb1,10,CE,prueba,4
4f7d1c,11,CE,prueba,1
4f9678,6,LAA,entrenamiento,1
4f9ac6,1,CE,entrenamiento,1
507ac9,7,CE,entrenamiento,1
508589,11,LAA,entrenamiento,1
509042,1,CE,entrenamiento,1
50ba15,6,LAA,entrenamiento,1
510d2e,11,CE,entrenamiento,1
512856,11,CE,validacion,1
516e18,10,CE,entrenamiento,2
526dba,8,CE,entrenamiento,1
52bc2d,11,CE,validacion,1
52d106,11,CE,prueba,1
533081,3,CE,entrenamiento,3
533a49,1,CE,entrenamiento,1
53845a,5,LAA,entrenamiento,2
53e0d7,10,LAA,prueba,1
540410,4,CE,entrenamiento,1
5415fe,11,CE,entrenamiento,1
547474,3,CE,entrenamiento,1
54838a,11,LAA,entrenamiento,1
54ddc7,11,CE,validacion,1
557c4b,10,CE,entrenamiento,1
55809c,10,CE,entrenamiento,1
5588f9,1,LAA,validacion,1
5619c3,11,CE,entrenamiento,1
5671c1,1,CE,entrenamiento,1
56d177,7,CE,entrenamiento,5
579988,9,CE,entrenamiento,1
588e11,10,CE,entrenamiento,1
59441e,4,CE,validacion,1
5987c0,2,CE,prueba,4
599e16,7,CE,entrenamiento,1
5adc4c,11,LAA,entrenamiento,1
5ae30a,3,LAA,entrenamiento,1
5aec9b,11,CE,prueba,1
5bfaf8,11,CE,entrenamiento,1
5c30ec,11,LAA,entrenamiento,1
5c92f8,2,CE,entrenamiento,1
5cae18,4,CE,entrenamiento,2
5d3738,11,CE,entrenamiento,1
5d4b88,2,CE,validacion,2
5d819a,7,CE,entrenamiento,2
5f0b6f,6,CE,prueba,1
5f3f01,7,CE,prueba,1
5f4bd3,4,CE,entrenamiento,1
5f520a,4,CE,entrenamiento,2
5f5dc0,4,CE,entrenamiento,1
5fde88,11,LAA,prueba,1
5fdff2,3,LAA,entrenamiento,1
6015f7,3,LAA,entrenamiento,1
60a950,7,CE,entrenamiento,1
611a50,11,LAA,entrenamiento,1
615d87,4,CE,entrenamiento,1
616c62,2,CE,entrenamiento,2
623f89,11,CE,prueba,1
62dd90,9,CE,prueba,1
634e2f,11,CE,entrenamiento,1
63f341,11,CE,entrenamiento,1
64d167,4,CE,entrenamiento,1
652471,6,CE,prueba,1
6569ba,11,LAA,validacion,1
658beb,4,CE,entrenamiento,2
65aadd,11,CE,entrenamiento,1
65d1b4,11,CE,entrenamiento,1
65fe16,7,LAA,prueba,1
6670b9,11,LAA,entrenamiento,1
6674a4,11,LAA,entrenamiento,1
673181,5,CE,entrenamiento,1
6747be,5,CE,entrenamiento,2
68eb0e,7,CE,validacion,1
690b81,11,CE,entrenamiento,1
69450f,4,CE,entrenamiento,1
69d655,7,LAA,entrenamiento,1
6baf51,11,LAA,validacion,2
6c4b62,3,LAA,entrenamiento,1
6ce894,11,CE,entrenamiento,1
6e08cb,4,LAA,validacion,1
6e211d,1,CE,entrenamiento,1
6e6d49,5,CE,entrenamiento,1
6f6e0c,4,LAA,entrenamiento,1
6f9575,11,CE,entrenamiento,1
6fac27,4,LAA,entrenamiento,1
6fce60,11,LAA,prueba,1
6fe1f2,7,CE,validacion,1
709b79,11,CE,validacion,1
70c523,7,LAA,entrenamiento,3
70f515,11,CE,entrenamiento,1
719165,11,CE,entrenamiento,1
72df9e,5,CE,validacion,2
72ead5,3,LAA,entrenamiento,1
73c9a4,4,LAA,entrenamiento,1
7428fc,11,CE,entrenamiento,1
75e090,4,CE,entrenamiento,1
75ee44,1,LAA,entrenamiento,1
7633ea,11,CE,prueba,1
777311,5,CE,validacion,2
78c1c9,4,CE,validacion,1
79753f,4,CE,prueba,1
79ae8d,4,CE,validacion,2
79d1c1,10,CE,entrenamiento,2
79d52a,11,LAA,entrenamiento,2
79e30d,11,CE,entrenamiento,1
7a9bc8,3,LAA,entrenamiento,1
7b9aaa,11,CE,entrenamiento,1
7bc484,7,LAA,entrenamiento,1
7c2739,11,CE,validacion,1
7cf058,5,CE,entrenamiento,1
7dd82f,7,LAA,entrenamiento,2
7e9a65,11,CE,entrenamiento,1
7f2ee2,11,CE,entrenamiento,1
7f343b,11,CE,entrenamiento,1
7f3781,11,CE,entrenamiento,1
7fa91f,4,CE,entrenamiento,2
7fd9f4,7,CE,validacion,1
802de5,11,CE,entrenamiento,1
804f15,1,CE,prueba,1
80cc1b,11,CE,validacion,1
81092a,11,CE,prueba,1
81eb29,1,CE,entrenamiento,1
820c9f,9,CE,validacion,1
821964,5,LAA,entrenamiento,1
82399d,7,CE,entrenamiento,3
82653f,6,CE,entrenamiento,1
827928,5,CE,entrenamiento,2
83198b,9,CE,entrenamiento,1
83ae16,4,CE,entrenamiento,1
83bfad,2,CE,entrenamiento,1
83cedb,11,CE,entrenamiento,1
8408a6,4,CE,entrenamiento,1
845d82,11,LAA,entrenamiento,1
84f77e,8,CE,entrenamiento,1
856ae6,11,CE,entrenamiento,1
85868f,11,CE,entrenamiento,1
862501,7,LAA,entrenamiento,2
86696d,10,CE,prueba,1
868720,11,CE,entrenamiento,1
86e319,7,CE,entrenamiento,3
8768db,2,CE,prueba,1
8781e2,3,CE,entrenamiento,1
880f54,11,CE,entrenamiento,1
88623d,11,CE,entrenamiento,1
89933b,11,LAA,entrenamiento,1
8a17b7,11,LAA,validacion,1
8b3323,7,CE,entrenamiento,1
8b90fa,11,CE,entrenamiento,1
8be762,11,CE,entrenamiento,1
8c24eb,11,CE,entrenamiento,1
8cf32b,4,LAA,validacion,1
8d60c1,9,CE,entrenamiento,1
8e0244,4,LAA,entrenamiento,1
8e0684,4,CE,entrenamiento,1
8ebb0c,1,CE,validacion,1
8f71df,7,LAA,entrenamiento,1
8fa951,4,CE,entrenamiento,1
8fc6d5,6,CE,entrenamiento,1
8fe2eb,1,CE,validacion,1
9010a1,11,LAA,validacion,1
907f7b,10,CE,entrenamiento,1
90ffa4,7,CE,entrenamiento,2
915264,3,LAA,entrenamiento,1
91b9d3,3,LAA,validacion,5
91fee7,8,CE,prueba,1
931cea,4,CE,entrenamiento,2
9452da,4,LAA,entrenamiento,1
949107,1,CE,entrenamiento,1
957643,11,CE,entrenamiento,1
977a49,1,CE,entrenamiento,1
98123e,11,CE,entrenamiento,1
983df1,2,CE,validacion,1
9874eb,1,CE,entrenamiento,1
988131,11,LAA,prueba,1
98db2b,4,CE,entrenamiento,1
991ad1,7,CE,validacion,1
992abf,11,CE,entrenamiento,1
9961af,11,LAA,entrenamiento,1
99c5c8,1,CE,prueba,1
9a807e,7,CE,entrenamiento,1
9cc010,7,CE,entrenamiento,1
9d609a,10,CE,validacion,1
9d71ef,8,CE,entrenamiento,1
9dd7d8,11,CE,prueba,1
9de0fa,5,CE,entrenamiento,1
9e06cb,10,LAA,validacion,1
9eda1d,5,LAA,prueba,1
9ee0e2,4,LAA,entrenamiento,1
9efc03,11,CE,entrenamiento,1
9f0f05,11,CE,entrenamiento,1
9f305c,4,CE,entrenamiento,1
9f7649,3,LAA,validacion,2
9f84c0,11,CE,validacion,1
9fa03a,2,CE,entrenamiento,1
9fc787,11,CE,prueba,1
9fd56b,3,CE,entrenamiento,1
9fdc31,1,CE,entrenamiento,1
a1f13b,10,LAA,entrenamiento,1
a22718,11,LAA,validacion,1
a24fac,4,CE,entrenamiento,1
a26055,7,LAA,entrenamiento,3
a2b566,11,CE,entrenamiento,1
a2c497,11,LAA,entrenamiento,1
a3a4cb,6,CE,entrenamiento,1
a45b72,11,CE,entrenamiento,1
a45bac,11,CE,entrenamiento,1
a4c7df,11,LAA,entrenamiento,1
a4c877,6,CE,entrenamiento,4
a4e918,11,CE,entrenamiento,1
a59c0d,6,CE,entrenamiento,2
a6f5ae,7,LAA,entrenamiento,1
a95219,11,LAA,prueba,1
a9573c,8,CE,entrenamiento,1
a96be4,11,LAA,entrenamiento,1
a975ab,7,CE,entrenamiento,2
a9c427,5,CE,prueba,1
aa2f56,9,CE,validacion,1
ab1b6e,3,CE,entrenamiento,1
abc4a3,7,CE,entrenamiento,3
abc682,5,LAA,entrenamiento,1
abfcb7,5,CE,entrenamiento,1
ac2147,9,LAA,entrenamiento,1
adc6e3,11,LAA,entrenamiento,1
ae0487,3,LAA,entrenamiento,1
ae26ae,2,CE,entrenamiento,1
aeb3bd,11,LAA,prueba,1
af4dd6,4,CE,entrenamiento,1
af7a93,4,CE,validacion,1
b01110,4,LAA,validacion,1
b07b42,11,CE,entrenamiento,1
b1e363,11,LAA,entrenamiento,2
b1f248,4,CE,entrenamiento,1
b21b87,8,CE,entrenamiento,1
b25f2b,11,CE,entrenamiento,1
b342b0,11,CE,entrenamiento,1
b3c755,4,CE,entrenamiento,1
b43ebe,7,CE,entrenamiento,2
b46f3b,3,CE,prueba,1
b4a34d,5,CE,prueba,1
b525a8,3,CE,validacion,1
b5aece,7,LAA,entrenamiento,1
b6cfea,6,LAA,prueba,1
b6f1e9,7,LAA,entrenamiento,1
b6fffe,11,CE,entrenamiento,1
b7f78e,3,CE,entrenamiento,1
b894f4,11,CE,entrenamiento,1
b8ef90,11,CE,validacion,1
b948e8,4,CE,validacion,1
ba8305,11,LAA,entrenamiento,1
baa4c4,4,CE,prueba,1
bb06a5,11,CE,entrenamiento,1
bbc5b1,5,CE,entrenamiento,1
bc9536,11,LAA,prueba,1
bd0cea,6,CE,entrenamiento,1
bd783d,1,CE,entrenamiento,2
bdf3c2,3,LAA,entrenamiento,1
bec7ca,4,CE,entrenamiento,1
bf1599,11,LAA,prueba,1
bff862,2,CE,entrenamiento,1
c01d28,4,CE,prueba,2
c07ca9,11,CE,entrenamiento,1
c12836,7,CE,entrenamiento,2
c1b288,11,CE,entrenamiento,1
c1b699,11,CE,entrenamiento,1
c1cf0d,4,LAA,entrenamiento,1
c30f14,1,CE,entrenamiento,2
c31442,8,LAA,entrenamiento,1
c32d76,2,CE,entrenamiento,3
c3a1a5,4,CE,entrenamiento,1
c3f2f8,11,CE,entrenamiento,1
c42387,11,LAA,entrenamiento,1
c4a601,11,CE,entrenamiento,1
c4da19,11,CE,entrenamiento,1
c5d171,1,LAA,entrenamiento,1
c5e687,8,CE,validacion,1
c61b26,8,CE,validacion,1
c63918,11,CE,entrenamiento,1
c65db4,3,CE,entrenamiento,2
c68551,1,CE,entrenamiento,1
c6c758,11,CE,entrenamiento,1
c78d6b,9,CE,entrenamiento,1
c8912e,4,CE,entrenamiento,1
c92b51,11,CE,validacion,1
c97365,1,CE,entrenamiento,1
c9ab6c,1,LAA,prueba,1
c9d53d,6,LAA,entrenamiento,1
ca2f66,11,CE,entrenamiento,1
ca7b57,4,LAA,entrenamiento,1
caf901,7,CE,entrenamiento,1
cb1293,11,LAA,entrenamiento,1
cb2534,4,CE,entrenamiento,2
cb4f8e,11,LAA,entrenamiento,2
cc73c0,11,CE,entrenamiento,1
cde001,1,CE,prueba,1
cff1ce,10,CE,entrenamiento,1
d03362,11,LAA,entrenamiento,1
d13031,4,CE,entrenamiento,1
d1da59,8,CE,entrenamiento,1
d20177,5,CE,entrenamiento,1
d23cd1,1,CE,entrenamiento,1
d24672,11,CE,entrenamiento,1
d25a2f,11,CE,prueba,1
d2c18a,11,LAA,entrenamiento,1
d2e447,11,CE,entrenamiento,1
d33b23,11,CE,entrenamiento,1
d346ca,3,LAA,prueba,1
d36b5f,7,CE,entrenamiento,1
d380dc,11,CE,prueba,1
d3d21b,1,CE,entrenamiento,1
d44b91,7,LAA,entrenamiento,2
d4791c,10,CE,entrenamiento,1
d4ac9a,5,LAA,validacion,1
d4c955,7,CE,prueba,2
d4dc4f,3,LAA,prueba,1
d53809,5,CE,prueba,1
d53ab7,7,CE,entrenamiento,1
d5c637,3,CE,entrenamiento,1
d62b1d,3,LAA,entrenamiento,1
d6525e,2,LAA,validacion,1
d74701,4,CE,entrenamiento,2
d7a20d,4,LAA,prueba,1
d7dc3e,8,CE,prueba,1
d7dcea,1,CE,entrenamiento,1
d862da,7,LAA,prueba,1
d8a746,11,CE,entrenamiento,1
d8db68,1,LAA,entrenamiento,1
d91d0f,1,CE,entrenamiento,1
d923a7,11,CE,prueba,1
d93fd8,11,CE,entrenamiento,1
d98dc9,11,CE,entrenamiento,1
da732b,1,LAA,entrenamiento,1
dae554,2,LAA,prueba,1
db268c,11,LAA,validacion,1
dba56f,4,LAA,entrenamiento,1
dbd64b,5,CE,entrenamiento,1
dbecb3,11,LAA,entrenamiento,1
dc8f86,5,CE,entrenamiento,2
dca376,11,CE,validacion,1
dca3b1,11,LAA,prueba,1
dd05a2,9,CE,prueba,1
dd6316,2,CE,entrenamiento,1
de9e4c,11,LAA,entrenamiento,1
deec71,10,LAA,entrenamiento,1
defd00,11,LAA,entrenamiento,1
df2c0d,10,CE,entrenamiento,1
df4c9c,11,CE,validacion,1
df543d,6,CE,validacion,2
dfd99d,7,CE,prueba,1
e0b829,3,CE,entrenamiento,1
e0cfd5,11,CE,entrenamiento,1
e10f49,3,CE,prueba,1
e10fdb,11,LAA,entrenamiento,1
e251ff,4,CE,entrenamiento,1
e26a04,3,LAA,prueba,2
e316dd,4,CE,prueba,2
e3a230,11,CE,entrenamiento,1
e3a24f,11,CE,validacion,1
e3e850,11,LAA,entrenamiento,1
e3f976,11,CE,prueba,1
e5bd0b,11,CE,entrenamiento,1
e5f672,11,CE,entrenamiento,1
e60ca1,11,CE,entrenamiento,1
e65811,10,CE,entrenamiento,1
e6764f,11,LAA,entrenamiento,1
e6ceb4,10,CE,entrenamiento,2
e72352,8,CE,entrenamiento,1
e732f6,1,CE,prueba,2
e7bec8,2,CE,prueba,1
e7d583,7,CE,entrenamiento,1
e8dceb,11,CE,prueba,1
e96bd3,11,CE,entrenamiento,1
e9c181,10,CE,entrenamiento,2
ea2aad,8,CE,entrenamiento,1
eb21f0,11,LAA,entrenamiento,1
eb6733,11,CE,prueba,1
ebb225,11,CE,entrenamiento,1
ebce5d,11,CE,prueba,1
ec3098,6,CE,entrenamiento,1
ed5006,11,LAA,entrenamiento,1
edc9a4,11,LAA,validacion,1
eebf8d,1,CE,validacion,3
ef0c95,4,CE,entrenamiento,1
ef1b15,10,CE,entrenamiento,1
ef68ba,9,CE,entrenamiento,1
f05449,11,LAA,entrenamiento,1
f115aa,2,CE,validacion,1
f1f952,11,CE,validacion,3
f27c51,1,CE,entrenamiento,1
f2aba9,11,CE,validacion,1
f2c002,9,CE,entrenamiento,1
f322da,11,CE,entrenamiento,1
f3e9f6,4,LAA,entrenamiento,2
f40c69,11,LAA,entrenamiento,4
f4287c,11,CE,validacion,1
f4c9ff,11,CE,entrenamiento,1
f4d8f8,11,CE,entrenamiento,1
f56138,4,CE,entrenamiento,1
f57f2e,7,CE,validacion,1
f58fcb,11,CE,entrenamiento,1
f5ce23,3,LAA,entrenamiento,1
f75146,1,CE,entrenamiento,2
f7f1bc,10,CE,validacion,1
f7fb11,11,LAA,entrenamiento,1
f83bf0,1,LAA,validacion,1
f8712b,11,CE,entrenamiento,1
f94fb1,11,LAA,entrenamiento,1
f9569b,11,CE,entrenamiento,1
f95d8b,11,CE,entrenamiento,2
f9c105,11,CE,entrenamiento,1
f9fc6b,11,LAA,entrenamiento,2
fa0080,10,CE,validacion,1
fa9050,11,CE,entrenamiento,1
fa9747,11,LAA,entrenamiento,1
fad610,4,CE,entrenamiento,1
fb5f7e,4,CE,entrenamiento,2
fb8bf8,3,CE,prueba,1
fbdcde,11,LAA,entrenamiento,2
fbf2eb,10,CE,entrenamiento,1
fd3079,7,CE,entrenamiento,1
fd368e,10,LAA,entrenamiento,1
fd418f,8,CE,entrenamiento,1
fd684f,11,LAA,entrenamiento,1
fd7c5b,2,CE,entrenamiento,1
fdce0f,4,CE,prueba,3
fde9ba,4,LAA,entrenamiento,1
fdf998,4,CE,entrenamiento,2
fe0cca,1,CE,entrenamiento,1
fe9645,3,CE,entrenamiento,1
fe9bec,4,LAA,prueba,1
ff14e0,6,CE,validacion,1
ffec5c,7,LAA,entrenamiento,2
