image_id,patient_id,center_id,label,particion,archivo_reducido
006388_0,006388,11,CE,entrenamiento,datos/reducidas/1120/CE/idx_0000.png
008e5c_0,008e5c,11,CE,entrenamiento,datos/reducidas/1120/CE/idx_0001.png
00c058_0,00c058,11,LAA,validacion,datos/reducidas/1120/LAA/idx_0002.png
01adc5_0,01adc5,11,LAA,validacion,datos/reducidas/1120/LAA/idx_0003.png
026c97_0,026c97,4,CE,entrenamiento,datos/reducidas/1120/CE/idx_0004.png
028989_0,028989,5,LAA,entrenamiento,datos/reducidas/1120/LAA/idx_0005.png
029c68_0,029c68,5,CE,entrenamiento,datos/reducidas/1120/CE/idx_0006.png
032f10_0,032f10,7,CE,entrenamiento,datos/reducidas/1120/CE/idx_0007.png
0372b0_0,0372b0,7,CE,entrenamiento,datos/reducidas/1120/CE/idx_0008.png
037300_0,037300,11,CE,entrenamiento,datos/reducidas/1120/CE/idx_0009.png
03d1ec_0,03d1ec,11,LAA,validacion,datos/reducidas/1120/LAA/idx_0010.png
03e6b7_0,03e6b7,7,CE,prueba,datos/reducidas/1120/CE/idx_0011.png
0415c3_0,0415c3,1,CE,entrenamiento,datos/reducidas/1120/CE/idx_0012.png
04439c_0,04439c,11,CE,entrenamiento,datos/reducidas/1120/CE/idx_0013.png
045eb0_0,045eb0,11,CE,entrenamiento,datos/reducidas/1120/CE/idx_0014.png
0468a8_0,0468a8,11,CE,validacion,datos/reducidas/1120/CE/idx_0015.png
0468a8_1,0468a8,11,CE,validacion,datos/reducidas/1120/CE/idx_0016.png
049194_0,049194,5,CE,entrenamiento,datos/reducidas/1120/CE/idx_0017.png
049194_1,049194,5,CE,entrenamiento,datos/reducidas/1120/CE/idx_0018.png
04f7a4_0,04f7a4,11,CE,entrenamiento,datos/reducidas/1120/CE/idx_0019.png
055f6a_0,055f6a,6,LAA,entrenamiento,datos/reducidas/1120/LAA/idx_0020.png
05a1ec_0,05a1ec,11,CE,entrenamiento,datos/reducidas/1120/CE/idx_0021.png
062387_0,062387,6,LAA,entrenamiento,datos/reducidas/1120/LAA/idx_0022.png
070fe0_0,070fe0,4,CE,entrenamiento,datos/reducidas/1120/CE/idx_0023.png
08d3d8_0,08d3d8,4,LAA,entrenamiento,datos/reducidas/1120/LAA/idx_0024.png
09644e_0,09644e,10,CE,entrenamiento,datos/reducidas/1120/CE/idx_0025.png
09644e_1,09644e,10,CE,entrenamiento,datos/reducidas/1120/CE/idx_0026.png
09644e_2,09644e,10,CE,entrenamiento,datos/reducidas/1120/CE/idx_0027.png
09644e_3,09644e,10,CE,entrenamiento,datos/reducidas/1120/CE/idx_0028.png
09644e_4,09644e,10,CE,entrenamiento,datos/reducidas/1120/CE/idx_0029.png
098f15_0,098f15,4,LAA,entrenamiento,datos/reducidas/1120/LAA/idx_0030.png
0a3ad1_0,0a3ad1,7,LAA,validacion,datos/reducidas/1120/LAA/idx_0031.png
0a47c9_0,0a47c9,1,LAA,entrenamiento,datos/reducidas/1120/LAA/idx_0032.png
0aaeb3_0,0aaeb3,6,CE,prueba,datos/reducidas/1120/CE/idx_0033.png
0aff58_0,0aff58,10,CE,prueba,datos/reducidas/1120/CE/idx_0034.png
0b25f8_0,0b25f8,6,CE,entrenamiento,datos/reducidas/1120/CE/idx_0035.png
0b7871_0,0b7871,4,CE,entrenamiento,datos/reducidas/1120/CE/idx_0036.png
0b7871_1,0b7871,4,CE,entrenamiento,datos/reducidas/1120/CE/idx_0037.png
0b7cc8_0,0b7cc8,4,CE,entrenamiento,datos/reducidas/1120/CE/idx_0038.png
0ba49d_0,0ba49d,11,CE,entrenamiento,datos/reducidas/1120/CE/idx_0039.png
0bd414_0,0bd414,3,LAA,entrenamiento,datos/reducidas/1120/LAA/idx_0040.png
0bddf9_0,0bddf9,11,CE,entrenamiento,datos/reducidas/1120/CE/idx_0041.png
0c60b8_0,0c60b8,1,CE,prueba,datos/reducidas/1120/CE/idx_0042.png
0cc0bc_0,0cc0bc,4,CE,entrenamiento,datos/reducidas/1120/CE/idx_0043.png
0d4164_0,0d4164,11,CE,validacion,datos/reducidas/1120/CE/idx_0044.png
0d533f_0,0d533f,2,CE,entrenamiento,datos/reducidas/1120/CE/idx_0045.png
0d718a_0,0d718a,11,CE,entrenamiento,datos/reducidas/1120/CE/idx_0046.png
0d93ce_0,0d93ce,11,CE,entrenamiento,datos/reducidas/1120/CE/idx_0047.png
0df5f8_0,0df5f8,11,CE,prueba,datos/reducidas/1120/CE/idx_0048.png
0e4dac_0,0e4dac,11,CE,entrenamiento,datos/reducidas/1120/CE/idx_0049.png
0e696a_0,0e696a,5,CE,validacion,datos/reducidas/1120/CE/idx_0050.png
0e696a_1,0e696a,5,CE,validacion,datos/reducidas/1120/CE/idx_0051.png
0ed87f_0,0ed87f,2,CE,entrenamiento,datos/reducidas/1120/CE/idx_0052.png
0ed87f_1,0ed87f,2,CE,entrenamiento,datos/reducidas/1120/CE/idx_0053.png
0ee750_0,0ee750,6,LAA,prueba,datos/reducidas/1120/LAA/idx_0054.png
0ee750_1,0ee750,6,LAA,prueba,datos/reducidas/1120/LAA/idx_0055.png
0f2961_0,0f2961,11,LAA,entrenamiento,datos/reducidas/1120/LAA/idx_0056.png
0fcfe9_0,0fcfe9,6,LAA,entrenamiento,datos/reducidas/1120/LAA/idx_0057.png
0ff6fc_0,0ff6fc,5,CE,entrenamiento,datos/reducidas/1120/CE/idx_0058.png
0ff890_0,0ff890,7,CE,entrenamiento,datos/reducidas/1120/CE/idx_0059.png
112b6e_0,112b6e,11,CE,prueba,datos/reducidas/1120/CE/idx_0060.png
112b6e_1,112b6e,11,CE,prueba,datos/reducidas/1120/CE/idx_0061.png
113bb3_0,113bb3,8,LAA,validacion,datos/reducidas/1120/LAA/idx_0062.png
129102_0,129102,4,CE,entrenamiento,datos/reducidas/1120/CE/idx_0063.png
1295bb_0,1295bb,11,CE,entrenamiento,datos/reducidas/1120/CE/idx_0064.png
12c8c9_0,12c8c9,9,CE,entrenamiento,datos/reducidas/1120/CE/idx_0065.png
13f372_0,13f372,11,CE,entrenamiento,datos/reducidas/1120/CE/idx_0066.png
140d1a_0,140d1a,6,CE,entrenamiento,datos/reducidas/1120/CE/idx_0067.png
14d2fa_0,14d2fa,11,CE,entrenamiento,datos/reducidas/1120/CE/idx_0068.png
15aab4_0,15aab4,4,CE,entrenamiento,datos/reducidas/1120/CE/idx_0069.png
15de51_0,15de51,4,LAA,entrenamiento,datos/reducidas/1120/LAA/idx_0070.png
162cad_0,162cad,11,LAA,entrenamiento,datos/reducidas/1120/LAA/idx_0071.png
1764ff_0,1764ff,4,CE,prueba,datos/reducidas/1120/CE/idx_0072.png
194e3f_0,194e3f,11,CE,validacion,datos/reducidas/1120/CE/idx_0073.png
19b036_0,19b036,9,CE,entrenamiento,datos/reducidas/1120/CE/idx_0074.png
19b036_1,19b036,9,CE,entrenamiento,datos/reducidas/1120/CE/idx_0075.png
19dd95_0,19dd95,6,CE,entrenamiento,datos/reducidas/1120/CE/idx_0076.png
1a2e9e_0,1a2e9e,11,CE,prueba,datos/reducidas/1120/CE/idx_0077.png
1b86c5_0,1b86c5,4,CE,prueba,datos/reducidas/1120/CE/idx_0078.png
1bbcba_0,1bbcba,10,CE,validacion,datos/reducidas/1120/CE/idx_0079.png
1d0518_0,1d0518,4,CE,entrenamiento,datos/reducidas/1120/CE/idx_0080.png
1d1bf0_0,1d1bf0,11,CE,entrenamiento,datos/reducidas/1120/CE/idx_0081.png
1d5335_0,1d5335,11,CE,entrenamiento,datos/reducidas/1120/CE/idx_0082.png
1d6d4f_0,1d6d4f,11,CE,validacion,datos/reducidas/1120/CE/idx_0083.png
1db82d_0,1db82d,4,LAA,entrenamiento,datos/reducidas/1120/LAA/idx_0084.png
1db82d_1,1db82d,4,LAA,entrenamiento,datos/reducidas/1120/LAA/idx_0085.png
1ec69e_0,1ec69e,6,CE,validacion,datos/reducidas/1120/CE/idx_0086.png
1ef6da_0,1ef6da,7,CE,prueba,datos/reducidas/1120/CE/idx_0087.png
1f018f_0,1f018f,9,LAA,prueba,datos/reducidas/1120/LAA/idx_0088.png
1f9d4f_0,1f9d4f,10,CE,entrenamiento,datos/reducidas/1120/CE/idx_0089.png
1f9d4f_1,1f9d4f,10,CE,entrenamiento,datos/reducidas/1120/CE/idx_0090.png
1fe0c4_0,1fe0c4,1,CE,entrenamiento,datos/reducidas/1120/CE/idx_0091.png
1ffc5d_0,1ffc5d,11,LAA,validacion,datos/reducidas/1120/LAA/idx_0092.png
205025_0,205025,11,CE,entrenamiento,datos/reducidas/1120/CE/idx_0093.png
20914b_0,20914b,11,CE,validacion,datos/reducidas/1120/CE/idx_0094.png
20d5cf_0,20d5cf,11,CE,prueba,datos/reducidas/1120/CE/idx_0095.png
214cfa_0,214cfa,7,CE,entrenamiento,datos/reducidas/1120/CE/idx_0096.png
214cfa_1,214cfa,7,CE,entrenamiento,datos/reducidas/1120/CE/idx_0097.png
21726e_0,21726e,5,CE,entrenamiento,datos/reducidas/1120/CE/idx_0098.png
217b27_0,217b27,11,CE,prueba,datos/reducidas/1120/CE/idx_0099.png
21b106_0,21b106,11,CE,entrenamiento,datos/reducidas/1120/CE/idx_0100.png
2244d2_0,2244d2,11,CE,entrenamiento,datos/reducidas/1120/CE/idx_0101.png
2268cf_0,2268cf,11,CE,entrenamiento,datos/reducidas/1120/CE/idx_0102.png
2394f6_0,2394f6,11,CE,entrenamiento,datos/reducidas/1120/CE/idx_0103.png
23b492_0,23b492,7,LAA,validacion,datos/reducidas/1120/LAA/idx_0104.png
23d2c1_0,23d2c1,7,CE,prueba,datos/reducidas/1120/CE/idx_0105.png
23d2c1_1,23d2c1,7,CE,prueba,datos/reducidas/1120/CE/idx_0106.png
23d2c1_2,23d2c1,7,CE,prueba,datos/reducidas/1120/CE/idx_0107.png
2446b8_0,2446b8,11,CE,entrenamiento,datos/reducidas/1120/CE/idx_0108.png
244aeb_0,244aeb,4,LAA,prueba,datos/reducidas/1120/LAA/idx_0109.png
244aeb_1,244aeb,4,LAA,prueba,datos/reducidas/1120/LAA/idx_0110.png
244aeb_2,244aeb,4,LAA,prueba,datos/reducidas/1120/LAA/idx_0111.png
245758_0,245758,11,LAA,entrenamiento,datos/reducidas/1120/LAA/idx_0112.png
24f8f5_0,24f8f5,1,CE,entrenamiento,datos/reducidas/1120/CE/idx_0113.png
250944_0,250944,4,CE,validacion,datos/reducidas/1120/CE/idx_0114.png
251bfc_0,251bfc,11,CE,entrenamiento,datos/reducidas/1120/CE/idx_0115.png
251c77_0,251c77,11,CE,prueba,datos/reducidas/1120/CE/idx_0116.png
2745fc_0,2745fc,11,CE,entrenamiento,datos/reducidas/1120/CE/idx_0117.png
27afc7_0,27afc7,4,CE,entrenamiento,datos/reducidas/1120/CE/idx_0118.png
280c26_0,280c26,7,CE,entrenamiento,datos/reducidas/1120/CE/idx_0119.png
280c26_1,280c26,7,CE,entrenamiento,datos/reducidas/1120/CE/idx_0120.png
282d0a_0,282d0a,11,CE,prueba,datos/reducidas/1120/CE/idx_0121.png
283f35_0,283f35,1,CE,entrenamiento,datos/reducidas/1120/CE/idx_0122.png
288156_0,288156,11,CE,prueba,datos/reducidas/1120/CE/idx_0123.png
291099_0,291099,9,CE,entrenamiento,datos/reducidas/1120/CE/idx_0124.png
29a4f6_0,29a4f6,6,LAA,entrenamiento,datos/reducidas/1120/LAA/idx_0125.png
29b1b7_0,29b1b7,11,LAA,prueba,datos/reducidas/1120/LAA/idx_0126.png
2a25b9_0,2a25b9,2,LAA,entrenamiento,datos/reducidas/1120/LAA/idx_0127.png
2a25cf_0,2a25cf,7,LAA,validacion,datos/reducidas/1120/LAA/idx_0128.png
2b49d6_0,2b49d6,4,CE,entrenamiento,datos/reducidas/1120/CE/idx_0129.png
2b7304_0,2b7304,3,LAA,validacion,datos/reducidas/1120/LAA/idx_0130.png
2b7304_1,2b7304,3,LAA,validacion,datos/reducidas/1120/LAA/idx_0131.png
2b7304_2,2b7304,3,LAA,validacion,datos/reducidas/1120/LAA/idx_0132.png
2bcdd9_0,2bcdd9,7,LAA,prueba,datos/reducidas/1120/LAA/idx_0133.png
2bd8fe_0,2bd8fe,6,LAA,entrenamiento,datos/reducidas/1120/LAA/idx_0134.png
2c64b2_0,2c64b2,11,LAA,entrenamiento,datos/reducidas/1120/LAA/idx_0135.png
2c8b18_0,2c8b18,2,CE,entrenamiento,datos/reducidas/1120/CE/idx_0136.png
2db520_0,2db520,7,CE,entrenamiento,datos/reducidas/1120/CE/idx_0137.png
2e3749_0,2e3749,7,CE,entrenamiento,datos/reducidas/1120/CE/idx_0138.png
2e725a_0,2e725a,11,LAA,entrenamiento,datos/reducidas/1120/LAA/idx_0139.png
2e7d16_0,2e7d16,11,CE,entrenamiento,datos/reducidas/1120/CE/idx_0140.png
2e8763_0,2e8763,10,LAA,entrenamiento,datos/reducidas/1120/LAA/idx_0141.png
2eb2d7_0,2eb2d7,11,CE,entrenamiento,datos/reducidas/1120/CE/idx_0142.png
2ecb46_0,2ecb46,4,CE,entrenamiento,datos/reducidas/1120/CE/idx_0143.png
2f4974_0,2f4974,11,CE,entrenamiento,datos/reducidas/1120/CE/idx_0144.png
2f73a2_0,2f73a2,11,CE,entrenamiento,datos/reducidas/1120/CE/idx_0145.png
300145_0,300145,11,LAA,entrenamiento,datos/reducidas/1120/LAA/idx_0146.png
3020ef_0,3020ef,11,CE,entrenamiento,datos/reducidas/1120/CE/idx_0147.png
313d30_0,313d30,1,LAA,entrenamiento,datos/reducidas/1120/LAA/idx_0148.png
3152c0_0,3152c0,10,CE,prueba,datos/reducidas/1120/CE/idx_0149.png
31588e_0,31588e,7,CE,prueba,datos/reducidas/1120/CE/idx_0150.png
31adaa_0,31adaa,4,CE,entrenamiento,datos/reducidas/1120/CE/idx_0151.png
31adaa_1,31adaa,4,CE,entrenamiento,datos/reducidas/1120/CE/idx_0152.png
329006_0,329006,11,LAA,entrenamiento,datos/reducidas/1120/LAA/idx_0153.png
32e44f_0,32e44f,11,CE,entrenamiento,datos/reducidas/1120/CE/idx_0154.png
33d071_0,33d071,11,CE,entrenamiento,datos/reducidas/1120/CE/idx_0155.png
33d2a7_0,33d2a7,11,CE,entrenamiento,datos/reducidas/1120/CE/idx_0156.png
33da32_0,33da32,7,CE,entrenamiento,datos/reducidas/1120/CE/idx_0157.png
34a278_0,34a278,4,LAA,entrenamiento,datos/reducidas/1120/LAA/idx_0158.png
34c9bc_0,34c9bc,10,CE,entrenamiento,datos/reducidas/1120/CE/idx_0159.png
354f74_0,354f74,11,LAA,entrenamiento,datos/reducidas/1120/LAA/idx_0160.png
355354_0,355354,4,CE,validacion,datos/reducidas/1120/CE/idx_0161.png
355354_1,355354,4,CE,validacion,datos/reducidas/1120/CE/idx_0162.png
35b75a_0,35b75a,10,LAA,entrenamiento,datos/reducidas/1120/LAA/idx_0163.png
366fd0_0,366fd0,3,CE,entrenamiento,datos/reducidas/1120/CE/idx_0164.png
369366_0,369366,3,CE,entrenamiento,datos/reducidas/1120/CE/idx_0165.png
36a149_0,36a149,11,CE,entrenamiento,datos/reducidas/1120/CE/idx_0166.png
37258c_0,37258c,1,CE,validacion,datos/reducidas/1120/CE/idx_0167.png
376cf6_0,376cf6,11,CE,entrenamiento,datos/reducidas/1120/CE/idx_0168.png
379f1c_0,379f1c,7,CE,entrenamiento,datos/reducidas/1120/CE/idx_0169.png
383f05_0,383f05,11,CE,prueba,datos/reducidas/1120/CE/idx_0170.png
384052_0,384052,5,LAA,entrenamiento,datos/reducidas/1120/LAA/idx_0171.png
392b24_0,392b24,1,CE,entrenamiento,datos/reducidas/1120/CE/idx_0172.png
395ea0_0,395ea0,11,CE,entrenamiento,datos/reducidas/1120/CE/idx_0173.png
3982bf_0,3982bf,11,LAA,entrenamiento,datos/reducidas/1120/LAA/idx_0174.png
3a230b_0,3a230b,11,CE,entrenamiento,datos/reducidas/1120/CE/idx_0175.png
3ab087_0,3ab087,6,CE,entrenamiento,datos/reducidas/1120/CE/idx_0176.png
3ad0bb_0,3ad0bb,4,CE,prueba,datos/reducidas/1120/CE/idx_0177.png
3b2c59_0,3b2c59,11,CE,validacion,datos/reducidas/1120/CE/idx_0178.png
3b7d81_0,3b7d81,7,CE,validacion,datos/reducidas/1120/CE/idx_0179.png
3bc9c9_0,3bc9c9,3,CE,validacion,datos/reducidas/1120/CE/idx_0180.png
3bfe64_0,3bfe64,11,CE,entrenamiento,datos/reducidas/1120/CE/idx_0181.png
3c2c23_0,3c2c23,11,CE,entrenamiento,datos/reducidas/1120/CE/idx_0182.png
3cbdf3_0,3cbdf3,11,CE,validacion,datos/reducidas/1120/CE/idx_0183.png
3d10be_0,3d10be,4,CE,validacion,datos/reducidas/1120/CE/idx_0184.png
3d10be_1,3d10be,4,CE,validacion,datos/reducidas/1120/CE/idx_0185.png
3d10be_2,3d10be,4,CE,validacion,datos/reducidas/1120/CE/idx_0186.png
3d10be_3,3d10be,4,CE,validacion,datos/reducidas/1120/CE/idx_0187.png
3d10be_4,3d10be,4,CE,validacion,datos/reducidas/1120/CE/idx_0188.png
3d80c7_0,3d80c7,11,LAA,entrenamiento,datos/reducidas/1120/LAA/idx_0189.png
3ee426_0,3ee426,1,LAA,entrenamiento,datos/reducidas/1120/LAA/idx_0190.png
3fe88b_0,3fe88b,11,CE,entrenamiento,datos/reducidas/1120/CE/idx_0191.png
3fe8a3_0,3fe8a3,7,CE,entrenamiento,datos/reducidas/1120/CE/idx_0192.png
4094c4_0,4094c4,1,CE,validacion,datos/reducidas/1120/CE/idx_0193.png
4188be_0,4188be,5,CE,entrenamiento,datos/reducidas/1120/CE/idx_0194.png
41b23c_0,41b23c,3,LAA,entrenamiento,datos/reducidas/1120/LAA/idx_0195.png
41b4ea_0,41b4ea,7,LAA,entrenamiento,datos/reducidas/1120/LAA/idx_0196.png
41b4ea_1,41b4ea,7,LAA,entrenamiento,datos/reducidas/1120/LAA/idx_0197.png
41db5b_0,41db5b,6,LAA,validacion,datos/reducidas/1120/LAA/idx_0198.png
424c9d_0,424c9d,6,LAA,entrenamiento,datos/reducidas/1120/LAA/idx_0199.png
42529f_0,42529f,11,CE,validacion,datos/reducidas/1120/CE/idx_0200.png
437435_0,437435,7,CE,entrenamiento,datos/reducidas/1120/CE/idx_0201.png
437435_1,437435,7,CE,entrenamiento,datos/reducidas/1120/CE/idx_0202.png
43c62b_0,43c62b,7,CE,validacion,datos/reducidas/1120/CE/idx_0203.png
43eacb_0,43eacb,11,CE,prueba,datos/reducidas/1120/CE/idx_0204.png
4550fb_0,4550fb,11,CE,prueba,datos/reducidas/1120/CE/idx_0205.png
45a0e5_0,45a0e5,7,CE,entrenamiento,datos/reducidas/1120/CE/idx_0206.png
45a0e5_1,45a0e5,7,CE,entrenamiento,datos/reducidas/1120/CE/idx_0207.png
45c6ce_0,45c6ce,11,CE,validacion,datos/reducidas/1120/CE/idx_0208.png
45e3e0_0,45e3e0,11,CE,entrenamiento,datos/reducidas/1120/CE/idx_0209.png
464289_0,464289,4,CE,validacion,datos/reducidas/1120/CE/idx_0210.png
4647d7_0,4647d7,1,CE,prueba,datos/reducidas/1120/CE/idx_0211.png
4667f6_0,4667f6,11,CE,entrenamiento,datos/reducidas/1120/CE/idx_0212.png
46def4_0,46def4,3,CE,entrenamiento,datos/reducidas/1120/CE/idx_0213.png
46e479_0,46e479,11,CE,validacion,datos/reducidas/1120/CE/idx_0214.png
4763a7_0,4763a7,11,CE,entrenamiento,datos/reducidas/1120/CE/idx_0215.png
481ba8_0,481ba8,5,LAA,entrenamiento,datos/reducidas/1120/LAA/idx_0216.png
488cd4_0,488cd4,11,CE,validacion,datos/reducidas/1120/CE/idx_0217.png
48af1a_0,48af1a,7,CE,entrenamiento,datos/reducidas/1120/CE/idx_0218.png
4919a7_0,4919a7,7,LAA,entrenamiento,datos/reducidas/1120/LAA/idx_0219.png
4929cd_0,4929cd,4,CE,prueba,datos/reducidas/1120/CE/idx_0220.png
497c27_0,497c27,11,LAA,prueba,datos/reducidas/1120/LAA/idx_0221.png
49ea39_0,49ea39,7,CE,entrenamiento,datos/reducidas/1120/CE/idx_0222.png
4a1152_0,4a1152,4,CE,entrenamiento,datos/reducidas/1120/CE/idx_0223.png
4a4043_0,4a4043,1,CE,validacion,datos/reducidas/1120/CE/idx_0224.png
4b8777_0,4b8777,6,CE,entrenamiento,datos/reducidas/1120/CE/idx_0225.png
4bfb94_0,4bfb94,11,CE,entrenamiento,datos/reducidas/1120/CE/idx_0226.png
4c284f_0,4c284f,6,CE,entrenamiento,datos/reducidas/1120/CE/idx_0227.png
4d15a9_0,4d15a9,3,CE,validacion,datos/reducidas/1120/CE/idx_0228.png
4ded24_0,4ded24,8,CE,entrenamiento,datos/reducidas/1120/CE/idx_0229.png
4dfe1e_0,4dfe1e,6,LAA,validacion,datos/reducidas/1120/LAA/idx_0230.png
4e30e9_0,4e30e9,4,CE,prueba,datos/reducidas/1120/CE/idx_0231.png
4f49c1_0,4f49c1,4,CE,validacion,datos/reducidas/1120/CE/idx_0232.png
4f6fb1_0,4f6fb1,10,CE,prueba,datos/reducidas/1120/CE/idx_0233.png
4f6fb1_1,4f6fb1,10,CE,prueba,datos/reducidas/1120/CE/idx_0234.png
4f6fb1_2,4f6fb1,10,CE,prueba,datos/reducidas/1120/CE/idx_0235.png
4f6fb1_3,4f6fb1,10,CE,prueba,datos/reducidas/1120/CE/idx_0236.png
4f7d1c_0,4f7d1c,11,CE,prueba,datos/reducidas/1120/CE/idx_0237.png
4f9678_0,4f9678,6,LAA,entrenamiento,datos/reducidas/1120/LAA/idx_0238.png
4f9ac6_0,4f9ac6,1,CE,entrenamiento,datos/reducidas/1120/CE/idx_0239.png
507ac9_0,507ac9,7,CE,entrenamiento,datos/reducidas/1120/CE/idx_0240.png
508589_0,508589,11,LAA,entrenamiento,datos/reducidas/1120/LAA/idx_0241.png
509042_0,509042,1,CE,entrenamiento,datos/reducidas/1120/CE/idx_0242.png
50ba15_0,50ba15,6,LAA,entrenamiento,datos/reducidas/1120/LAA/idx_0243.png
510d2e_0,510d2e,11,CE,entrenamiento,datos/reducidas/1120/CE/idx_0244.png
512856_0,512856,11,CE,validacion,datos/reducidas/1120/CE/idx_0245.png
516e18_0,516e18,10,CE,entrenamiento,datos/reducidas/1120/CE/idx_0246.png
516e18_1,516e18,10,CE,entrenamiento,datos/reducidas/1120/CE/idx_0247.png
526dba_0,526dba,8,CE,entrenamiento,datos/reducidas/1120/CE/idx_0248.png
52bc2d_0,52bc2d,11,CE,validacion,datos/reducidas/1120/CE/idx_0249.png
52d106_0,52d106,11,CE,prueba,datos/reducidas/1120/CE/idx_0250.png
533081_0,533081,3,CE,entrenamiento,datos/reducidas/1120/CE/idx_0251.png
533081_1,533081,3,CE,entrenamiento,datos/reducidas/1120/CE/idx_0252.png
533081_2,533081,3,CE,entrenamiento,datos/reducidas/1120/CE/idx_0253.png
533a49_0,533a49,1,CE,entrenamiento,datos/reducidas/1120/CE/idx_0254.png
53845a_0,53845a,5,LAA,entrenamiento,datos/reducidas/1120/LAA/idx_0255.png
53845a_1,53845a,5,LAA,entrenamiento,datos/reducidas/1120/LAA/idx_0256.png
53e0d7_0,53e0d7,10,LAA,prueba,datos/reducidas/1120/LAA/idx_0257.png
540410_0,540410,4,CE,entrenamiento,datos/reducidas/1120/CE/idx_0258.png
5415fe_0,5415fe,11,CE,entrenamiento,datos/reducidas/1120/CE/idx_0259.png
547474_0,547474,3,CE,entrenamiento,datos/reducidas/1120/CE/idx_0260.png
54838a_0,54838a,11,LAA,entrenamiento,datos/reducidas/1120/LAA/idx_0261.png
54ddc7_0,54ddc7,11,CE,validacion,datos/reducidas/1120/CE/idx_0262.png
557c4b_0,557c4b,10,CE,entrenamiento,datos/reducidas/1120/CE/idx_0263.png
55809c_0,55809c,10,CE,entrenamiento,datos/reducidas/1120/CE/idx_0264.png
5588f9_0,5588f9,1,LAA,validacion,datos/reducidas/1120/LAA/idx_0265.png
5619c3_0,5619c3,11,CE,entrenamiento,datos/reducidas/1120/CE/idx_0266.png
5671c1_0,5671c1,1,CE,entrenamiento,datos/reducidas/1120/CE/idx_0267.png
56d177_0,56d177,7,CE,entrenamiento,datos/reducidas/1120/CE/idx_0268.png
56d177_1,56d177,7,CE,entrenamiento,datos/reducidas/1120/CE/idx_0269.png
56d177_2,56d177,7,CE,entrenamiento,datos/reducidas/1120/CE/idx_0270.png
56d177_3,56d177,7,CE,entrenamiento,datos/reducidas/1120/CE/idx_0271.png
56d177_4,56d177,7,CE,entrenamiento,datos/reducidas/1120/CE/idx_0272.png
579988_0,579988,9,CE,entrenamiento,datos/reducidas/1120/CE/idx_0273.png
588e11_0,588e11,10,CE,entrenamiento,datos/reducidas/1120/CE/idx_0274.png
59441e_0,59441e,4,CE,validacion,datos/reducidas/1120/CE/idx_0275.png
5987c0_0,5987c0,2,CE,prueba,datos/reducidas/1120/CE/idx_0276.png
5987c0_1,5987c0,2,CE,prueba,datos/reducidas/1120/CE/idx_0277.png
5987c0_2,5987c0,2,CE,prueba,datos/reducidas/1120/CE/idx_0278.png
5987c0_3,5987c0,2,CE,prueba,datos/reducidas/1120/CE/idx_0279.png
599e16_0,599e16,7,CE,entrenamiento,datos/reducidas/1120/CE/idx_0280.png
5adc4c_0,5adc4c,11,LAA,entrenamiento,datos/reducidas/1120/LAA/idx_0281.png
5ae30a_0,5ae30a,3,LAA,entrenamiento,datos/reducidas/1120/LAA/idx_0282.png
5aec9b_0,5aec9b,11,CE,prueba,datos/reducidas/1120/CE/idx_0283.png
5bfaf8_0,5bfaf8,11,CE,entrenamiento,datos/reducidas/1120/CE/idx_0284.png
5c30ec_0,5c30ec,11,LAA,entrenamiento,datos/reducidas/1120/LAA/idx_0285.png
5c92f8_0,5c92f8,2,CE,entrenamiento,datos/reducidas/1120/CE/idx_0286.png
5cae18_0,5cae18,4,CE,entrenamiento,datos/reducidas/1120/CE/idx_0287.png
5cae18_1,5cae18,4,CE,entrenamiento,datos/reducidas/1120/CE/idx_0288.png
5d3738_0,5d3738,11,CE,entrenamiento,datos/reducidas/1120/CE/idx_0289.png
5d4b88_0,5d4b88,2,CE,validacion,datos/reducidas/1120/CE/idx_0290.png
5d4b88_1,5d4b88,2,CE,validacion,datos/reducidas/1120/CE/idx_0291.png
5d819a_0,5d819a,7,CE,entrenamiento,datos/reducidas/1120/CE/idx_0292.png
5d819a_1,5d819a,7,CE,entrenamiento,datos/reducidas/1120/CE/idx_0293.png
5f0b6f_0,5f0b6f,6,CE,prueba,datos/reducidas/1120/CE/idx_0294.png
5f3f01_0,5f3f01,7,CE,prueba,datos/reducidas/1120/CE/idx_0295.png
5f4bd3_0,5f4bd3,4,CE,entrenamiento,datos/reducidas/1120/CE/idx_0296.png
5f520a_0,5f520a,4,CE,entrenamiento,datos/reducidas/1120/CE/idx_0297.png
5f520a_1,5f520a,4,CE,entrenamiento,datos/reducidas/1120/CE/idx_0298.png
5f5dc0_0,5f5dc0,4,CE,entrenamiento,datos/reducidas/1120/CE/idx_0299.png
5fde88_0,5fde88,11,LAA,prueba,datos/reducidas/1120/LAA/idx_0300.png
5fdff2_0,5fdff2,3,LAA,entrenamiento,datos/reducidas/1120/LAA/idx_0301.png
6015f7_0,6015f7,3,LAA,entrenamiento,datos/reducidas/1120/LAA/idx_0302.png
60a950_0,60a950,7,CE,entrenamiento,datos/reducidas/1120/CE/idx_0303.png
611a50_0,611a50,11,LAA,entrenamiento,datos/reducidas/1120/LAA/idx_0304.png
615d87_0,615d87,4,CE,entrenamiento,datos/reducidas/1120/CE/idx_0305.png
616c62_0,616c62,2,CE,entrenamiento,datos/reducidas/1120/CE/idx_0306.png
616c62_1,616c62,2,CE,entrenamiento,datos/reducidas/1120/CE/idx_0307.png
623f89_0,623f89,11,CE,prueba,datos/reducidas/1120/CE/idx_0308.png
62dd90_0,62dd90,9,CE,prueba,datos/reducidas/1120/CE/idx_0309.png
634e2f_0,634e2f,11,CE,entrenamiento,datos/reducidas/1120/CE/idx_0310.png
63f341_0,63f341,11,CE,entrenamiento,datos/reducidas/1120/CE/idx_0311.png
64d167_0,64d167,4,CE,entrenamiento,datos/reducidas/1120/CE/idx_0312.png
652471_0,652471,6,CE,prueba,datos/reducidas/1120/CE/idx_0313.png
6569ba_0,6569ba,11,LAA,validacion,datos/reducidas/1120/LAA/idx_0314.png
658beb_0,658beb,4,CE,entrenamiento,datos/reducidas/1120/CE/idx_0315.png
658beb_1,658beb,4,CE,entrenamiento,datos/reducidas/1120/CE/idx_0316.png
65aadd_0,65aadd,11,CE,entrenamiento,datos/reducidas/1120/CE/idx_0317.png
65d1b4_0,65d1b4,11,CE,entrenamiento,datos/reducidas/1120/CE/idx_0318.png
65fe16_0,65fe16,7,LAA,prueba,datos/reducidas/1120/LAA/idx_0319.png
6670b9_0,6670b9,11,LAA,entrenamiento,datos/reducidas/1120/LAA/idx_0320.png
6674a4_0,6674a4,11,LAA,entrenamiento,datos/reducidas/1120/LAA/idx_0321.png
673181_0,673181,5,CE,entrenamiento,datos/reducidas/1120/CE/idx_0322.png
6747be_0,6747be,5,CE,entrenamiento,datos/reducidas/1120/CE/idx_0323.png
6747be_1,6747be,5,CE,entrenamiento,datos/reducidas/1120/CE/idx_0324.png
68eb0e_0,68eb0e,7,CE,validacion,datos/reducidas/1120/CE/idx_0325.png
690b81_0,690b81,11,CE,entrenamiento,datos/reducidas/1120/CE/idx_0326.png
69450f_0,69450f,4,CE,entrenamiento,datos/reducidas/1120/CE/idx_0327.png
69d655_0,69d655,7,LAA,entrenamiento,datos/reducidas/1120/LAA/idx_0328.png
6baf51_0,6baf51,11,LAA,validacion,datos/reducidas/1120/LAA/idx_0329.png
6baf51_1,6baf51,11,LAA,validacion,datos/reducidas/1120/LAA/idx_0330.png
6c4b62_0,6c4b62,3,LAA,entrenamiento,datos/reducidas/1120/LAA/idx_0331.png
6ce894_0,6ce894,11,CE,entrenamiento,datos/reducidas/1120/CE/idx_0332.png
6e08cb_0,6e08cb,4,LAA,validacion,datos/reducidas/1120/LAA/idx_0333.png
6e211d_0,6e211d,1,CE,entrenamiento,datos/reducidas/1120/CE/idx_0334.png
6e6d49_0,6e6d49,5,CE,entrenamiento,datos/reducidas/1120/CE/idx_0335.png
6f6e0c_0,6f6e0c,4,LAA,entrenamiento,datos/reducidas/1120/LAA/idx_0336.png
6f9575_0,6f9575,11,CE,entrenamiento,datos/reducidas/1120/CE/idx_0337.png
6fac27_0,6fac27,4,LAA,entrenamiento,datos/reducidas/1120/LAA/idx_0338.png
6fce60_0,6fce60,11,LAA,prueba,datos/reducidas/1120/LAA/idx_0339.png
6fe1f2_0,6fe1f2,7,CE,validacion,datos/reducidas/1120/CE/idx_0340.png
709b79_0,709b79,11,CE,validacion,datos/reducidas/1120/CE/idx_0341.png
70c523_0,70c523,7,LAA,entrenamiento,datos/reducidas/1120/LAA/idx_0342.png
70c523_1,70c523,7,LAA,entrenamiento,datos/reducidas/1120/LAA/idx_0343.png
70c523_2,70c523,7,LAA,entrenamiento,datos/reducidas/1120/LAA/idx_0344.png
70f515_0,70f515,11,CE,entrenamiento,datos/reducidas/1120/CE/idx_0345.png
719165_0,719165,11,CE,entrenamiento,datos/reducidas/1120/CE/idx_0346.png
72df9e_0,72df9e,5,CE,validacion,datos/reducidas/1120/CE/idx_0347.png
72df9e_1,72df9e,5,CE,validacion,datos/reducidas/1120/CE/idx_0348.png
72ead5_0,72ead5,3,LAA,entrenamiento,datos/reducidas/1120/LAA/idx_0349.png
73c9a4_0,73c9a4,4,LAA,entrenamiento,datos/reducidas/1120/LAA/idx_0350.png
7428fc_0,7428fc,11,CE,entrenamiento,datos/reducidas/1120/CE/idx_0351.png
75e090_0,75e090,4,CE,entrenamiento,datos/reducidas/1120/CE/idx_0352.png
75ee44_0,75ee44,1,LAA,entrenamiento,datos/reducidas/1120/LAA/idx_0353.png
7633ea_0,7633ea,11,CE,prueba,datos/reducidas/1120/CE/idx_0354.png
777311_0,777311,5,CE,validacion,datos/reducidas/1120/CE/idx_0355.png
777311_1,777311,5,CE,validacion,datos/reducidas/1120/CE/idx_0356.png
78c1c9_0,78c1c9,4,CE,validacion,datos/reducidas/1120/CE/idx_0357.png
79753f_0,79753f,4,CE,prueba,datos/reducidas/1120/CE/idx_0358.png
79ae8d_0,79ae8d,4,CE,validacion,datos/reducidas/1120/CE/idx_0359.png
79ae8d_1,79ae8d,4,CE,validacion,datos/reducidas/1120/CE/idx_0360.png
79d1c1_0,79d1c1,10,CE,entrenamiento,datos/reducidas/1120/CE/idx_0361.png
79d1c1_1,79d1c1,10,CE,entrenamiento,datos/reducidas/1120/CE/idx_0362.png
79d52a_0,79d52a,11,LAA,entrenamiento,datos/reducidas/1120/LAA/idx_0363.png
79d52a_1,79d52a,11,LAA,entrenamiento,datos/reducidas/1120/LAA/idx_0364.png
79e30d_0,79e30d,11,CE,entrenamiento,datos/reducidas/1120/CE/idx_0365.png
7a9bc8_0,7a9bc8,3,LAA,entrenamiento,datos/reducidas/1120/LAA/idx_0366.png
7b9aaa_0,7b9aaa,11,CE,entrenamiento,datos/reducidas/1120/CE/idx_0367.png
7bc484_0,7bc484,7,LAA,entrenamiento,datos/reducidas/1120/LAA/idx_0368.png
7c2739_0,7c2739,11,CE,validacion,datos/reducidas/1120/CE/idx_0369.png
7cf058_0,7cf058,5,CE,entrenamiento,datos/reducidas/1120/CE/idx_0370.png
7dd82f_0,7dd82f,7,LAA,entrenamiento,datos/reducidas/1120/LAA/idx_0371.png
7dd82f_1,7dd82f,7,LAA,entrenamiento,datos/reducidas/1120/LAA/idx_0372.png
7e9a65_0,7e9a65,11,CE,entrenamiento,datos/reducidas/1120/CE/idx_0373.png
7f2ee2_0,7f2ee2,11,CE,entrenamiento,datos/reducidas/1120/CE/idx_0374.png
7f343b_0,7f343b,11,CE,entrenamiento,datos/reducidas/1120/CE/idx_0375.png
7f3781_0,7f3781,11,CE,entrenamiento,datos/reducidas/1120/CE/idx_0376.png
7fa91f_0,7fa91f,4,CE,entrenamiento,datos/reducidas/1120/CE/idx_0377.png
7fa91f_1,7fa91f,4,CE,entrenamiento,datos/reducidas/1120/CE/idx_0378.png
7fd9f4_0,7fd9f4,7,CE,validacion,datos/reducidas/1120/CE/idx_0379.png
802de5_0,802de5,11,CE,entrenamiento,datos/reducidas/1120/CE/idx_0380.png
804f15_0,804f15,1,CE,prueba,datos/reducidas/1120/CE/idx_0381.png
80cc1b_0,80cc1b,11,CE,validacion,datos/reducidas/1120/CE/idx_0382.png
81092a_0,81092a,11,CE,prueba,datos/reducidas/1120/CE/idx_0383.png
81eb29_0,81eb29,1,CE,entrenamiento,datos/reducidas/1120/CE/idx_0384.png
820c9f_0,820c9f,9,CE,validacion,datos/reducidas/1120/CE/idx_0385.png
821964_0,821964,5,LAA,entrenamiento,datos/reducidas/1120/LAA/idx_0386.png
82399d_0,82399d,7,CE,entrenamiento,datos/reducidas/1120/CE/idx_0387.png
82399d_1,82399d,7,CE,entrenamiento,datos/reducidas/1120/CE/idx_0388.png
82399d_2,82399d,7,CE,entrenamiento,datos/reducidas/1120/CE/idx_0389.png
82653f_0,82653f,6,CE,entrenamiento,datos/reducidas/1120/CE/idx_0390.png
827928_0,827928,5,CE,entrenamiento,datos/reducidas/1120/CE/idx_0391.png
827928_1,827928,5,CE,entrenamiento,datos/reducidas/1120/CE/idx_0392.png
83198b_0,83198b,9,CE,entrenamiento,datos/reducidas/1120/CE/idx_0393.png
83ae16_0,83ae16,4,CE,entrenamiento,datos/reducidas/1120/CE/idx_0394.png
83bfad_0,83bfad,2,CE,entrenamiento,datos/reducidas/1120/CE/idx_0395.png
83cedb_0,83cedb,11,CE,entrenamiento,datos/reducidas/1120/CE/idx_0396.png
8408a6_0,8408a6,4,CE,entrenamiento,datos/reducidas/1120/CE/idx_0397.png
845d82_0,845d82,11,LAA,entrenamiento,datos/reducidas/1120/LAA/idx_0398.png
84f77e_0,84f77e,8,CE,entrenamiento,datos/reducidas/1120/CE/idx_0399.png
856ae6_0,856ae6,11,CE,entrenamiento,datos/reducidas/1120/CE/idx_0400.png
85868f_0,85868f,11,CE,entrenamiento,datos/reducidas/1120/CE/idx_0401.png
862501_0,862501,7,LAA,entrenamiento,datos/reducidas/1120/LAA/idx_0402.png
862501_1,862501,7,LAA,entrenamiento,datos/reducidas/1120/LAA/idx_0403.png
86696d_0,86696d,10,CE,prueba,datos/reducidas/1120/CE/idx_0404.png
868720_0,868720,11,CE,entrenamiento,datos/reducidas/1120/CE/idx_0405.png
86e319_0,86e319,7,CE,entrenamiento,datos/reducidas/1120/CE/idx_0406.png
86e319_1,86e319,7,CE,entrenamiento,datos/reducidas/1120/CE/idx_0407.png
86e319_2,86e319,7,CE,entrenamiento,datos/reducidas/1120/CE/idx_0408.png
8768db_0,8768db,2,CE,prueba,datos/reducidas/1120/CE/idx_0409.png
8781e2_0,8781e2,3,CE,entrenamiento,datos/reducidas/1120/CE/idx_0410.png
880f54_0,880f54,11,CE,entrenamiento,datos/reducidas/1120/CE/idx_0411.png
88623d_0,88623d,11,CE,entrenamiento,datos/reducidas/1120/CE/idx_0412.png
89933b_0,89933b,11,LAA,entrenamiento,datos/reducidas/1120/LAA/idx_0413.png
8a17b7_0,8a17b7,11,LAA,validacion,datos/reducidas/1120/LAA/idx_0414.png
8b3323_0,8b3323,7,CE,entrenamiento,datos/reducidas/1120/CE/idx_0415.png
8b90fa_0,8b90fa,11,CE,entrenamiento,datos/reducidas/1120/CE/idx_0416.png
8be762_0,8be762,11,CE,entrenamiento,datos/reducidas/1120/CE/idx_0417.png
8c24eb_0,8c24eb,11,CE,entrenamiento,datos/reducidas/1120/CE/idx_0418.png
8cf32b_0,8cf32b,4,LAA,validacion,datos/reducidas/1120/LAA/idx_0419.png
8d60c1_0,8d60c1,9,CE,entrenamiento,datos/reducidas/1120/CE/idx_0420.png
8e0244_0,8e0244,4,LAA,entrenamiento,datos/reducidas/1120/LAA/idx_0421.png
8e0684_0,8e0684,4,CE,entrenamiento,datos/reducidas/1120/CE/idx_0422.png
8ebb0c_0,8ebb0c,1,CE,validacion,datos/reducidas/1120/CE/idx_0423.png
8f71df_0,8f71df,7,LAA,entrenamiento,datos/reducidas/1120/LAA/idx_0424.png
8fa951_0,8fa951,4,CE,entrenamiento,datos/reducidas/1120/CE/idx_0425.png
8fc6d5_0,8fc6d5,6,CE,entrenamiento,datos/reducidas/1120/CE/idx_0426.png
8fe2eb_0,8fe2eb,1,CE,validacion,datos/reducidas/1120/CE/idx_0427.png
9010a1_0,9010a1,11,LAA,validacion,datos/reducidas/1120/LAA/idx_0428.png
907f7b_0,907f7b,10,CE,entrenamiento,datos/reducidas/1120/CE/idx_0429.png
90ffa4_0,90ffa4,7,CE,entrenamiento,datos/reducidas/1120/CE/idx_0430.png
90ffa4_1,90ffa4,7,CE,entrenamiento,datos/reducidas/1120/CE/idx_0431.png
915264_0,915264,3,LAA,entrenamiento,datos/reducidas/1120/LAA/idx_0432.png
91b9d3_0,91b9d3,3,LAA,validacion,datos/reducidas/1120/LAA/idx_0433.png
91b9d3_1,91b9d3,3,LAA,validacion,datos/reducidas/1120/LAA/idx_0434.png
91b9d3_2,91b9d3,3,LAA,validacion,datos/reducidas/1120/LAA/idx_0435.png
91b9d3_3,91b9d3,3,LAA,validacion,datos/reducidas/1120/LAA/idx_0436.png
91b9d3_4,91b9d3,3,LAA,validacion,datos/reducidas/1120/LAA/idx_0437.png
91fee7_0,91fee7,8,CE,prueba,datos/reducidas/1120/CE/idx_0438.png
931cea_0,931cea,4,CE,entrenamiento,datos/reducidas/1120/CE/idx_0439.png
931cea_1,931cea,4,CE,entrenamiento,datos/reducidas/1120/CE/idx_0440.png
9452da_0,9452da,4,LAA,entrenamiento,datos/reducidas/1120/LAA/idx_0441.png
949107_0,949107,1,CE,entrenamiento,datos/reducidas/1120/CE/idx_0442.png
957643_0,957643,11,CE,entrenamiento,datos/reducidas/1120/CE/idx_0443.png
977a49_0,977a49,1,CE,entrenamiento,datos/reducidas/1120/CE/idx_0444.png
98123e_0,98123e,11,CE,entrenamiento,datos/reducidas/1120/CE/idx_0445.png
983df1_0,983df1,2,CE,validacion,datos/reducidas/1120/CE/idx_0446.png
9874eb_0,9874eb,1,CE,entrenamiento,datos/reducidas/1120/CE/idx_0447.png
988131_0,988131,11,LAA,prueba,datos/reducidas/1120/LAA/idx_0448.png
98db2b_0,98db2b,4,CE,entrenamiento,datos/reducidas/1120/CE/idx_0449.png
991ad1_0,991ad1,7,CE,validacion,datos/reducidas/1120/CE/idx_0450.png
992abf_0,992abf,11,CE,entrenamiento,datos/reducidas/1120/CE/idx_0451.png
9961af_0,9961af,11,LAA,entrenamiento,datos/reducidas/1120/LAA/idx_0452.png
99c5c8_0,99c5c8,1,CE,prueba,datos/reducidas/1120/CE/idx_0453.png
9a807e_0,9a807e,7,CE,entrenamiento,datos/reducidas/1120/CE/idx_0454.png
9cc010_0,9cc010,7,CE,entrenamiento,datos/reducidas/1120/CE/idx_0455.png
9d609a_0,9d609a,10,CE,validacion,datos/reducidas/1120/CE/idx_0456.png
9d71ef_0,9d71ef,8,CE,entrenamiento,datos/reducidas/1120/CE/idx_0457.png
9dd7d8_0,9dd7d8,11,CE,prueba,datos/reducidas/1120/CE/idx_0458.png
9de0fa_0,9de0fa,5,CE,entrenamiento,datos/reducidas/1120/CE/idx_0459.png
9e06cb_0,9e06cb,10,LAA,validacion,datos/reducidas/1120/LAA/idx_0460.png
9eda1d_0,9eda1d,5,LAA,prueba,datos/reducidas/1120/LAA/idx_0461.png
9ee0e2_0,9ee0e2,4,LAA,entrenamiento,datos/reducidas/1120/LAA/idx_0462.png
9efc03_0,9efc03,11,CE,entrenamiento,datos/reducidas/1120/CE/idx_0463.png
9f0f05_0,9f0f05,11,CE,entrenamiento,datos/reducidas/1120/CE/idx_0464.png
9f305c_0,9f305c,4,CE,entrenamiento,datos/reducidas/1120/CE/idx_0465.png
9f7649_0,9f7649,3,LAA,validacion,datos/reducidas/1120/LAA/idx_0466.png
9f7649_1,9f7649,3,LAA,validacion,datos/reducidas/1120/LAA/idx_0467.png
9f84c0_0,9f84c0,11,CE,validacion,datos/reducidas/1120/CE/idx_0468.png
9fa03a_0,9fa03a,2,CE,entrenamiento,datos/reducidas/1120/CE/idx_0469.png
9fc787_0,9fc787,11,CE,prueba,datos/reducidas/1120/CE/idx_0470.png
9fd56b_0,9fd56b,3,CE,entrenamiento,datos/reducidas/1120/CE/idx_0471.png
9fdc31_0,9fdc31,1,CE,entrenamiento,datos/reducidas/1120/CE/idx_0472.png
a1f13b_0,a1f13b,10,LAA,entrenamiento,datos/reducidas/1120/LAA/idx_0473.png
a22718_0,a22718,11,LAA,validacion,datos/reducidas/1120/LAA/idx_0474.png
a24fac_0,a24fac,4,CE,entrenamiento,datos/reducidas/1120/CE/idx_0475.png
a26055_0,a26055,7,LAA,entrenamiento,datos/reducidas/1120/LAA/idx_0476.png
a26055_1,a26055,7,LAA,entrenamiento,datos/reducidas/1120/LAA/idx_0477.png
a26055_2,a26055,7,LAA,entrenamiento,datos/reducidas/1120/LAA/idx_0478.png
a2b566_0,a2b566,11,CE,entrenamiento,datos/reducidas/1120/CE/idx_0479.png
a2c497_0,a2c497,11,LAA,entrenamiento,datos/reducidas/1120/LAA/idx_0480.png
a3a4cb_0,a3a4cb,6,CE,entrenamiento,datos/reducidas/1120/CE/idx_0481.png
a45b72_0,a45b72,11,CE,entrenamiento,datos/reducidas/1120/CE/idx_0482.png
a45bac_0,a45bac,11,CE,entrenamiento,datos/reducidas/1120/CE/idx_0483.png
a4c7df_0,a4c7df,11,LAA,entrenamiento,datos/reducidas/1120/LAA/idx_0484.png
a4c877_0,a4c877,6,CE,entrenamiento,datos/reducidas/1120/CE/idx_0485.png
a4c877_1,a4c877,6,CE,entrenamiento,datos/reducidas/1120/CE/idx_0486.png
a4c877_2,a4c877,6,CE,entrenamiento,datos/reducidas/1120/CE/idx_0487.png
a4c877_3,a4c877,6,CE,entrenamiento,datos/reducidas/1120/CE/idx_0488.png
a4e918_0,a4e918,11,CE,entrenamiento,datos/reducidas/1120/CE/idx_0489.png
a59c0d_0,a59c0d,6,CE,entrenamiento,datos/reducidas/1120/CE/idx_0490.png
a59c0d_1,a59c0d,6,CE,entrenamiento,datos/reducidas/1120/CE/idx_0491.png
a6f5ae_0,a6f5ae,7,LAA,entrenamiento,datos/reducidas/1120/LAA/idx_0492.png
a95219_0,a95219,11,LAA,prueba,datos/reducidas/1120/LAA/idx_0493.png
a9573c_0,a9573c,8,CE,entrenamiento,datos/reducidas/1120/CE/idx_0494.png
a96be4_0,a96be4,11,LAA,entrenamiento,datos/reducidas/1120/LAA/idx_0495.png
a975ab_0,a975ab,7,CE,entrenamiento,datos/reducidas/1120/CE/idx_0496.png
a975ab_1,a975ab,7,CE,entrenamiento,datos/reducidas/1120/CE/idx_0497.png
a9c427_0,a9c427,5,CE,prueba,datos/reducidas/1120/CE/idx_0498.png
aa2f56_0,aa2f56,9,CE,validacion,datos/reducidas/1120/CE/idx_0499.png
ab1b6e_0,ab1b6e,3,CE,entrenamiento,datos/reducidas/1120/CE/idx_0500.png
abc4a3_0,abc4a3,7,CE,entrenamiento,datos/reducidas/1120/CE/idx_0501.png
abc4a3_1,abc4a3,7,CE,entrenamiento,datos/reducidas/1120/CE/idx_0502.png
abc4a3_2,abc4a3,7,CE,entrenamiento,datos/reducidas/1120/CE/idx_0503.png
abc682_0,abc682,5,LAA,entrenamiento,datos/reducidas/1120/LAA/idx_0504.png
abfcb7_0,abfcb7,5,CE,entrenamiento,datos/reducidas/1120/CE/idx_0505.png
ac2147_0,ac2147,9,LAA,entrenamiento,datos/reducidas/1120/LAA/idx_0506.png
adc6e3_0,adc6e3,11,LAA,entrenamiento,datos/reducidas/1120/LAA/idx_0507.png
ae0487_0,ae0487,3,LAA,entrenamiento,datos/reducidas/1120/LAA/idx_0508.png
ae26ae_0,ae26ae,2,CE,entrenamiento,datos/reducidas/1120/CE/idx_0509.png
aeb3bd_0,aeb3bd,11,LAA,prueba,datos/reducidas/1120/LAA/idx_0510.png
af4dd6_0,af4dd6,4,CE,entrenamiento,datos/reducidas/1120/CE/idx_0511.png
af7a93_0,af7a93,4,CE,validacion,datos/reducidas/1120/CE/idx_0512.png
b01110_0,b01110,4,LAA,validacion,datos/reducidas/1120/LAA/idx_0513.png
b07b42_0,b07b42,11,CE,entrenamiento,datos/reducidas/1120/CE/idx_0514.png
b1e363_0,b1e363,11,LAA,entrenamiento,datos/reducidas/1120/LAA/idx_0515.png
b1e363_1,b1e363,11,LAA,entrenamiento,datos/reducidas/1120/LAA/idx_0516.png
b1f248_0,b1f248,4,CE,entrenamiento,datos/reducidas/1120/CE/idx_0517.png
b21b87_0,b21b87,8,CE,entrenamiento,datos/reducidas/1120/CE/idx_0518.png
b25f2b_0,b25f2b,11,CE,entrenamiento,datos/reducidas/1120/CE/idx_0519.png
b342b0_0,b342b0,11,CE,entrenamiento,datos/reducidas/1120/CE/idx_0520.png
b3c755_0,b3c755,4,CE,entrenamiento,datos/reducidas/1120/CE/idx_0521.png
b43ebe_0,b43ebe,7,CE,entrenamiento,datos/reducidas/1120/CE/idx_0522.png
b43ebe_1,b43ebe,7,CE,entrenamiento,datos/reducidas/1120/CE/idx_0523.png
b46f3b_0,b46f3b,3,CE,prueba,datos/reducidas/1120/CE/idx_0524.png
b4a34d_0,b4a34d,5,CE,prueba,datos/reducidas/1120/CE/idx_0525.png
b525a8_0,b525a8,3,CE,validacion,datos/reducidas/1120/CE/idx_0526.png
b5aece_0,b5aece,7,LAA,entrenamiento,datos/reducidas/1120/LAA/idx_0527.png
b6cfea_0,b6cfea,6,LAA,prueba,datos/reducidas/1120/LAA/idx_0528.png
b6f1e9_0,b6f1e9,7,LAA,entrenamiento,datos/reducidas/1120/LAA/idx_0529.png
b6fffe_0,b6fffe,11,CE,entrenamiento,datos/reducidas/1120/CE/idx_0530.png
b7f78e_0,b7f78e,3,CE,entrenamiento,datos/reducidas/1120/CE/idx_0531.png
b894f4_0,b894f4,11,CE,entrenamiento,datos/reducidas/1120/CE/idx_0532.png
b8ef90_0,b8ef90,11,CE,validacion,datos/reducidas/1120/CE/idx_0533.png
b948e8_0,b948e8,4,CE,validacion,datos/reducidas/1120/CE/idx_0534.png
ba8305_0,ba8305,11,LAA,entrenamiento,datos/reducidas/1120/LAA/idx_0535.png
baa4c4_0,baa4c4,4,CE,prueba,datos/reducidas/1120/CE/idx_0536.png
bb06a5_0,bb06a5,11,CE,entrenamiento,datos/reducidas/1120/CE/idx_0537.png
bbc5b1_0,bbc5b1,5,CE,entrenamiento,datos/reducidas/1120/CE/idx_0538.png
bc9536_0,bc9536,11,LAA,prueba,datos/reducidas/1120/LAA/idx_0539.png
bd0cea_0,bd0cea,6,CE,entrenamiento,datos/reducidas/1120/CE/idx_0540.png
bd783d_0,bd783d,1,CE,entrenamiento,datos/reducidas/1120/CE/idx_0541.png
bd783d_1,bd783d,1,CE,entrenamiento,datos/reducidas/1120/CE/idx_0542.png
bdf3c2_0,bdf3c2,3,LAA,entrenamiento,datos/reducidas/1120/LAA/idx_0543.png
bec7ca_0,bec7ca,4,CE,entrenamiento,datos/reducidas/1120/CE/idx_0544.png
bf1599_0,bf1599,11,LAA,prueba,datos/reducidas/1120/LAA/idx_0545.png
bff862_0,bff862,2,CE,entrenamiento,datos/reducidas/1120/CE/idx_0546.png
c01d28_0,c01d28,4,CE,prueba,datos/reducidas/1120/CE/idx_0547.png
c01d28_1,c01d28,4,CE,prueba,datos/reducidas/1120/CE/idx_0548.png
c07ca9_0,c07ca9,11,CE,entrenamiento,datos/reducidas/1120/CE/idx_0549.png
c12836_0,c12836,7,CE,entrenamiento,datos/reducidas/1120/CE/idx_0550.png
c12836_1,c12836,7,CE,entrenamiento,datos/reducidas/1120/CE/idx_0551.png
c1b288_0,c1b288,11,CE,entrenamiento,datos/reducidas/1120/CE/idx_0552.png
c1b699_0,c1b699,11,CE,entrenamiento,datos/reducidas/1120/CE/idx_0553.png
c1cf0d_0,c1cf0d,4,LAA,entrenamiento,datos/reducidas/1120/LAA/idx_0554.png
c30f14_0,c30f14,1,CE,entrenamiento,datos/reducidas/1120/CE/idx_0555.png
c30f14_1,c30f14,1,CE,entrenamiento,datos/reducidas/1120/CE/idx_0556.png
c31442_0,c31442,8,LAA,entrenamiento,datos/reducidas/1120/LAA/idx_0557.png
c32d76_0,c32d76,2,CE,entrenamiento,datos/reducidas/1120/CE/idx_0558.png
c32d76_1,c32d76,2,CE,entrenamiento,datos/reducidas/1120/CE/idx_0559.png
c32d76_2,c32d76,2,CE,entrenamiento,datos/reducidas/1120/CE/idx_0560.png
c3a1a5_0,c3a1a5,4,CE,entrenamiento,datos/reducidas/1120/CE/idx_0561.png
c3f2f8_0,c3f2f8,11,CE,entrenamiento,datos/reducidas/1120/CE/idx_0562.png
c42387_0,c42387,11,LAA,entrenamiento,datos/reducidas/1120/LAA/idx_0563.png
c4a601_0,c4a601,11,CE,entrenamiento,datos/reducidas/1120/CE/idx_0564.png
c4da19_0,c4da19,11,CE,entrenamiento,datos/reducidas/1120/CE/idx_0565.png
c5d171_0,c5d171,1,LAA,entrenamiento,datos/reducidas/1120/LAA/idx_0566.png
c5e687_0,c5e687,8,CE,validacion,datos/reducidas/1120/CE/idx_0567.png
c61b26_0,c61b26,8,CE,validacion,datos/reducidas/1120/CE/idx_0568.png
c63918_0,c63918,11,CE,entrenamiento,datos/reducidas/1120/CE/idx_0569.png
c65db4_0,c65db4,3,CE,entrenamiento,datos/reducidas/1120/CE/idx_0570.png
c65db4_1,c65db4,3,CE,entrenamiento,datos/reducidas/1120/CE/idx_0571.png
c68551_0,c68551,1,CE,entrenamiento,datos/reducidas/1120/CE/idx_0572.png
c6c758_0,c6c758,11,CE,entrenamiento,datos/reducidas/1120/CE/idx_0573.png
c78d6b_0,c78d6b,9,CE,entrenamiento,datos/reducidas/1120/CE/idx_0574.png
c8912e_0,c8912e,4,CE,entrenamiento,datos/reducidas/1120/CE/idx_0575.png
c92b51_0,c92b51,11,CE,validacion,datos/reducidas/1120/CE/idx_0576.png
c97365_0,c97365,1,CE,entrenamiento,datos/reducidas/1120/CE/idx_0577.png
c9ab6c_0,c9ab6c,1,LAA,prueba,datos/reducidas/1120/LAA/idx_0578.png
c9d53d_0,c9d53d,6,LAA,entrenamiento,datos/reducidas/1120/LAA/idx_0579.png
ca2f66_0,ca2f66,11,CE,entrenamiento,datos/reducidas/1120/CE/idx_0580.png
ca7b57_0,ca7b57,4,LAA,entrenamiento,datos/reducidas/1120/LAA/idx_0581.png
caf901_0,caf901,7,CE,entrenamiento,datos/reducidas/1120/CE/idx_0582.png
cb1293_0,cb1293,11,LAA,entrenamiento,datos/reducidas/1120/LAA/idx_0583.png
cb2534_0,cb2534,4,CE,entrenamiento,datos/reducidas/1120/CE/idx_0584.png
cb2534_1,cb2534,4,CE,entrenamiento,datos/reducidas/1120/CE/idx_0585.png
cb4f8e_0,cb4f8e,11,LAA,entrenamiento,datos/reducidas/1120/LAA/idx_0586.png
cb4f8e_1,cb4f8e,11,LAA,entrenamiento,datos/reducidas/1120/LAA/idx_0587.png
cc73c0_0,cc73c0,11,CE,entrenamiento,datos/reducidas/1120/CE/idx_0588.png
cde001_0,cde001,1,CE,prueba,datos/reducidas/1120/CE/idx_0589.png
cff1ce_0,cff1ce,10,CE,entrenamiento,datos/reducidas/1120/CE/idx_0590.png
d03362_0,d03362,11,LAA,entrenamiento,datos/reducidas/1120/LAA/idx_0591.png
d13031_0,d13031,4,CE,entrenamiento,datos/reducidas/1120/CE/idx_0592.png
d1da59_0,d1da59,8,CE,entrenamiento,datos/reducidas/1120/CE/idx_0593.png
d20177_0,d20177,5,CE,entrenamiento,datos/reducidas/1120/CE/idx_0594.png
d23cd1_0,d23cd1,1,CE,entrenamiento,datos/reducidas/1120/CE/idx_0595.png
d24672_0,d24672,11,CE,entrenamiento,datos/reducidas/1120/CE/idx_0596.png
d25a2f_0,d25a2f,11,CE,prueba,datos/reducidas/1120/CE/idx_0597.png
d2c18a_0,d2c18a,11,LAA,entrenamiento,datos/reducidas/1120/LAA/idx_0598.png
d2e447_0,d2e447,11,CE,entrenamiento,datos/reducidas/1120/CE/idx_0599.png
d33b23_0,d33b23,11,CE,entrenamiento,datos/reducidas/1120/CE/idx_0600.png
d346ca_0,d346ca,3,LAA,prueba,datos/reducidas/1120/LAA/idx_0601.png
d36b5f_0,d36b5f,7,CE,entrenamiento,datos/reducidas/1120/CE/idx_0602.png
d380dc_0,d380dc,11,CE,prueba,datos/reducidas/1120/CE/idx_0603.png
d3d21b_0,d3d21b,1,CE,entrenamiento,datos/reducidas/1120/CE/idx_0604.png
d44b91_0,d44b91,7,LAA,entrenamiento,datos/reducidas/1120/LAA/idx_0605.png
d44b91_1,d44b91,7,LAA,entrenamiento,datos/reducidas/1120/LAA/idx_0606.png
d4791c_0,d4791c,10,CE,entrenamiento,datos/reducidas/1120/CE/idx_0607.png
d4ac9a_0,d4ac9a,5,LAA,validacion,datos/reducidas/1120/LAA/idx_0608.png
d4c955_0,d4c955,7,CE,prueba,datos/reducidas/1120/CE/idx_0609.png
d4c955_1,d4c955,7,CE,prueba,datos/reducidas/1120/CE/idx_0610.png
d4dc4f_0,d4dc4f,3,LAA,prueba,datos/reducidas/1120/LAA/idx_0611.png
d53809_0,d53809,5,CE,prueba,datos/reducidas/1120/CE/idx_0612.png
d53ab7_0,d53ab7,7,CE,entrenamiento,datos/reducidas/1120/CE/idx_0613.png
d5c637_0,d5c637,3,CE,entrenamiento,datos/reducidas/1120/CE/idx_0614.png
d62b1d_0,d62b1d,3,LAA,entrenamiento,datos/reducidas/1120/LAA/idx_0615.png
d6525e_0,d6525e,2,LAA,validacion,datos/reducidas/1120/LAA/idx_0616.png
d74701_0,d74701,4,CE,entrenamiento,datos/reducidas/1120/CE/idx_0617.png
d74701_1,d74701,4,CE,entrenamiento,datos/reducidas/1120/CE/idx_0618.png
d7a20d_0,d7a20d,4,LAA,prueba,datos/reducidas/1120/LAA/idx_0619.png
d7dc3e_0,d7dc3e,8,CE,prueba,datos/reducidas/1120/CE/idx_0620.png
d7dcea_0,d7dcea,1,CE,entrenamiento,datos/reducidas/1120/CE/idx_0621.png
d862da_0,d862da,7,LAA,prueba,datos/reducidas/1120/LAA/idx_0622.png
d8a746_0,d8a746,11,CE,entrenamiento,datos/reducidas/1120/CE/idx_0623.png
d8db68_0,d8db68,1,LAA,entrenamiento,datos/reducidas/1120/LAA/idx_0624.png
d91d0f_0,d91d0f,1,CE,entrenamiento,datos/reducidas/1120/CE/idx_0625.png
d923a7_0,d923a7,11,CE,prueba,datos/reducidas/1120/CE/idx_0626.png
d93fd8_0,d93fd8,11,CE,entrenamiento,datos/reducidas/1120/CE/idx_0627.png
d98dc9_0,d98dc9,11,CE,entrenamiento,datos/reducidas/1120/CE/idx_0628.png
da732b_0,da732b,1,LAA,entrenamiento,datos/reducidas/1120/LAA/idx_0629.png
dae554_0,dae554,2,LAA,prueba,datos/reducidas/1120/LAA/idx_0630.png
db268c_0,db268c,11,LAA,validacion,datos/reducidas/1120/LAA/idx_0631.png
dba56f_0,dba56f,4,LAA,entrenamiento,datos/reducidas/1120/LAA/idx_0632.png
dbd64b_0,dbd64b,5,CE,entrenamiento,datos/reducidas/1120/CE/idx_0633.png
dbecb3_0,dbecb3,11,LAA,entrenamiento,datos/reducidas/1120/LAA/idx_0634.png
dc8f86_0,dc8f86,5,CE,entrenamiento,datos/reducidas/1120/CE/idx_0635.png
dc8f86_1,dc8f86,5,CE,entrenamiento,datos/reducidas/1120/CE/idx_0636.png
dca376_0,dca376,11,CE,validacion,datos/reducidas/1120/CE/idx_0637.png
dca3b1_0,dca3b1,11,LAA,prueba,datos/reducidas/1120/LAA/idx_0638.png
dd05a2_0,dd05a2,9,CE,prueba,datos/reducidas/1120/CE/idx_0639.png
dd6316_0,dd6316,2,CE,entrenamiento,datos/reducidas/1120/CE/idx_0640.png
de9e4c_0,de9e4c,11,LAA,entrenamiento,datos/reducidas/1120/LAA/idx_0641.png
deec71_0,deec71,10,LAA,entrenamiento,datos/reducidas/1120/LAA/idx_0642.png
defd00_0,defd00,11,LAA,entrenamiento,datos/reducidas/1120/LAA/idx_0643.png
df2c0d_0,df2c0d,10,CE,entrenamiento,datos/reducidas/1120/CE/idx_0644.png
df4c9c_0,df4c9c,11,CE,validacion,datos/reducidas/1120/CE/idx_0645.png
df543d_0,df543d,6,CE,validacion,datos/reducidas/1120/CE/idx_0646.png
df543d_1,df543d,6,CE,validacion,datos/reducidas/1120/CE/idx_0647.png
dfd99d_0,dfd99d,7,CE,prueba,datos/reducidas/1120/CE/idx_0648.png
e0b829_0,e0b829,3,CE,entrenamiento,datos/reducidas/1120/CE/idx_0649.png
e0cfd5_0,e0cfd5,11,CE,entrenamiento,datos/reducidas/1120/CE/idx_0650.png
e10f49_0,e10f49,3,CE,prueba,datos/reducidas/1120/CE/idx_0651.png
e10fdb_0,e10fdb,11,LAA,entrenamiento,datos/reducidas/1120/LAA/idx_0652.png
e251ff_0,e251ff,4,CE,entrenamiento,datos/reducidas/1120/CE/idx_0653.png
e26a04_0,e26a04,3,LAA,prueba,datos/reducidas/1120/LAA/idx_0654.png
e26a04_1,e26a04,3,LAA,prueba,datos/reducidas/1120/LAA/idx_0655.png
e316dd_0,e316dd,4,CE,prueba,datos/reducidas/1120/CE/idx_0656.png
e316dd_1,e316dd,4,CE,prueba,datos/reducidas/1120/CE/idx_0657.png
e3a230_0,e3a230,11,CE,entrenamiento,datos/reducidas/1120/CE/idx_0658.png
e3a24f_0,e3a24f,11,CE,validacion,datos/reducidas/1120/CE/idx_0659.png
e3e850_0,e3e850,11,LAA,entrenamiento,datos/reducidas/1120/LAA/idx_0660.png
e3f976_0,e3f976,11,CE,prueba,datos/reducidas/1120/CE/idx_0661.png
e5bd0b_0,e5bd0b,11,CE,entrenamiento,datos/reducidas/1120/CE/idx_0662.png
e5f672_0,e5f672,11,CE,entrenamiento,datos/reducidas/1120/CE/idx_0663.png
e60ca1_0,e60ca1,11,CE,entrenamiento,datos/reducidas/1120/CE/idx_0664.png
e65811_0,e65811,10,CE,entrenamiento,datos/reducidas/1120/CE/idx_0665.png
e6764f_0,e6764f,11,LAA,entrenamiento,datos/reducidas/1120/LAA/idx_0666.png
e6ceb4_0,e6ceb4,10,CE,entrenamiento,datos/reducidas/1120/CE/idx_0667.png
e6ceb4_1,e6ceb4,10,CE,entrenamiento,datos/reducidas/1120/CE/idx_0668.png
e72352_0,e72352,8,CE,entrenamiento,datos/reducidas/1120/CE/idx_0669.png
e732f6_0,e732f6,1,CE,prueba,datos/reducidas/1120/CE/idx_0670.png
e732f6_1,e732f6,1,CE,prueba,datos/reducidas/1120/CE/idx_0671.png
e7bec8_0,e7bec8,2,CE,prueba,datos/reducidas/1120/CE/idx_0672.png
e7d583_0,e7d583,7,CE,entrenamiento,datos/reducidas/1120/CE/idx_0673.png
e8dceb_0,e8dceb,11,CE,prueba,datos/reducidas/1120/CE/idx_0674.png
e96bd3_0,e96bd3,11,CE,entrenamiento,datos/reducidas/1120/CE/idx_0675.png
e9c181_0,e9c181,10,CE,entrenamiento,datos/reducidas/1120/CE/idx_0676.png
e9c181_1,e9c181,10,CE,entrenamiento,datos/reducidas/1120/CE/idx_0677.png
ea2aad_0,ea2aad,8,CE,entrenamiento,datos/reducidas/1120/CE/idx_0678.png
eb21f0_0,eb21f0,11,LAA,entrenamiento,datos/reducidas/1120/LAA/idx_0679.png
eb6733_0,eb6733,11,CE,prueba,datos/reducidas/1120/CE/idx_0680.png
ebb225_0,ebb225,11,CE,entrenamiento,datos/reducidas/1120/CE/idx_0681.png
ebce5d_0,ebce5d,11,CE,prueba,datos/reducidas/1120/CE/idx_0682.png
ec3098_0,ec3098,6,CE,entrenamiento,datos/reducidas/1120/CE/idx_0683.png
ed5006_0,ed5006,11,LAA,entrenamiento,datos/reducidas/1120/LAA/idx_0684.png
edc9a4_0,edc9a4,11,LAA,validacion,datos/reducidas/1120/LAA/idx_0685.png
eebf8d_0,eebf8d,1,CE,validacion,datos/reducidas/1120/CE/idx_0686.png
eebf8d_1,eebf8d,1,CE,validacion,datos/reducidas/1120/CE/idx_0687.png
eebf8d_2,eebf8d,1,CE,validacion,datos/reducidas/1120/CE/idx_0688.png
ef0c95_0,ef0c95,4,CE,entrenamiento,datos/reducidas/1120/CE/idx_0689.png
ef1b15_0,ef1b15,10,CE,entrenamiento,datos/reducidas/1120/CE/idx_0690.png
ef68ba_0,ef68ba,9,CE,entrenamiento,datos/reducidas/1120/CE/idx_0691.png
f05449_0,f05449,11,LAA,entrenamiento,datos/reducidas/1120/LAA/idx_0692.png
f115aa_0,f115aa,2,CE,validacion,datos/reducidas/1120/CE/idx_0693.png
f1f952_0,f1f952,11,CE,validacion,datos/reducidas/1120/CE/idx_0694.png
f1f952_1,f1f952,11,CE,validacion,datos/reducidas/1120/CE/idx_0695.png
f1f952_2,f1f952,11,CE,validacion,datos/reducidas/1120/CE/idx_0696.png
f27c51_0,f27c51,1,CE,entrenamiento,datos/reducidas/1120/CE/idx_0697.png
f2aba9_0,f2aba9,11,CE,validacion,datos/reducidas/1120/CE/idx_0698.png
f2c002_0,f2c002,9,CE,entrenamiento,datos/reducidas/1120/CE/idx_0699.png
f322da_0,f322da,11,CE,entrenamiento,datos/reducidas/1120/CE/idx_0700.png
f3e9f6_0,f3e9f6,4,LAA,entrenamiento,datos/reducidas/1120/LAA/idx_0701.png
f3e9f6_1,f3e9f6,4,LAA,entrenamiento,datos/reducidas/1120/LAA/idx_0702.png
f40c69_0,f40c69,11,LAA,entrenamiento,datos/reducidas/1120/LAA/idx_0703.png
f40c69_1,f40c69,11,LAA,entrenamiento,datos/reducidas/1120/LAA/idx_0704.png
f40c69_2,f40c69,11,LAA,entrenamiento,datos/reducidas/1120/LAA/idx_0705.png
f40c69_3,f40c69,11,LAA,entrenamiento,datos/reducidas/1120/LAA/idx_0706.png
f4287c_0,f4287c,11,CE,validacion,datos/reducidas/1120/CE/idx_0707.png
f4c9ff_0,f4c9ff,11,CE,entrenamiento,datos/reducidas/1120/CE/idx_0708.png
f4d8f8_0,f4d8f8,11,CE,entrenamiento,datos/reducidas/1120/CE/idx_0709.png
f56138_0,f56138,4,CE,entrenamiento,datos/reducidas/1120/CE/idx_0710.png
f57f2e_0,f57f2e,7,CE,validacion,datos/reducidas/1120/CE/idx_0711.png
f58fcb_0,f58fcb,11,CE,entrenamiento,datos/reducidas/1120/CE/idx_0712.png
f5ce23_0,f5ce23,3,LAA,entrenamiento,datos/reducidas/1120/LAA/idx_0713.png
f75146_0,f75146,1,CE,entrenamiento,datos/reducidas/1120/CE/idx_0714.png
f75146_1,f75146,1,CE,entrenamiento,datos/reducidas/1120/CE/idx_0715.png
f7f1bc_0,f7f1bc,10,CE,validacion,datos/reducidas/1120/CE/idx_0716.png
f7fb11_0,f7fb11,11,LAA,entrenamiento,datos/reducidas/1120/LAA/idx_0717.png
f83bf0_0,f83bf0,1,LAA,validacion,datos/reducidas/1120/LAA/idx_0718.png
f8712b_0,f8712b,11,CE,entrenamiento,datos/reducidas/1120/CE/idx_0719.png
f94fb1_0,f94fb1,11,LAA,entrenamiento,datos/reducidas/1120/LAA/idx_0720.png
f9569b_0,f9569b,11,CE,entrenamiento,datos/reducidas/1120/CE/idx_0721.png
f95d8b_0,f95d8b,11,CE,entrenamiento,datos/reducidas/1120/CE/idx_0722.png
f95d8b_1,f95d8b,11,CE,entrenamiento,datos/reducidas/1120/CE/idx_0723.png
f9c105_0,f9c105,11,CE,entrenamiento,datos/reducidas/1120/CE/idx_0724.png
f9fc6b_0,f9fc6b,11,LAA,entrenamiento,datos/reducidas/1120/LAA/idx_0725.png
f9fc6b_1,f9fc6b,11,LAA,entrenamiento,datos/reducidas/1120/LAA/idx_0726.png
fa0080_0,fa0080,10,CE,validacion,datos/reducidas/1120/CE/idx_0727.png
fa9050_0,fa9050,11,CE,entrenamiento,datos/reducidas/1120/CE/idx_0728.png
fa9747_0,fa9747,11,LAA,entrenamiento,datos/reducidas/1120/LAA/idx_0729.png
fad610_0,fad610,4,CE,entrenamiento,datos/reducidas/1120/CE/idx_0730.png
fb5f7e_0,fb5f7e,4,CE,entrenamiento,datos/reducidas/1120/CE/idx_0731.png
fb5f7e_1,fb5f7e,4,CE,entrenamiento,datos/reducidas/1120/CE/idx_0732.png
fb8bf8_0,fb8bf8,3,CE,prueba,datos/reducidas/1120/CE/idx_0733.png
fbdcde_0,fbdcde,11,LAA,entrenamiento,datos/reducidas/1120/LAA/idx_0734.png
fbdcde_1,fbdcde,11,LAA,entrenamiento,datos/reducidas/1120/LAA/idx_0735.png
fbf2eb_0,fbf2eb,10,CE,entrenamiento,datos/reducidas/1120/CE/idx_0736.png
fd3079_0,fd3079,7,CE,entrenamiento,datos/reducidas/1120/CE/idx_0737.png
fd368e_0,fd368e,10,LAA,entrenamiento,datos/reducidas/1120/LAA/idx_0738.png
fd418f_0,fd418f,8,CE,entrenamiento,datos/reducidas/1120/CE/idx_0739.png
fd684f_0,fd684f,11,LAA,entrenamiento,datos/reducidas/1120/LAA/idx_0740.png
fd7c5b_0,fd7c5b,2,CE,entrenamiento,datos/reducidas/1120/CE/idx_0741.png
fdce0f_0,fdce0f,4,CE,prueba,datos/reducidas/1120/CE/idx_0742.png
fdce0f_1,fdce0f,4,CE,prueba,datos/reducidas/1120/CE/idx_0743.png
fdce0f_2,fdce0f,4,CE,prueba,datos/reducidas/1120/CE/idx_0744.png
fde9ba_0,fde9ba,4,LAA,entrenamiento,datos/reducidas/1120/LAA/idx_0745.png
fdf998_0,fdf998,4,CE,entrenamiento,datos/reducidas/1120/CE/idx_0746.png
fdf998_1,fdf998,4,CE,entrenamiento,datos/reducidas/1120/CE/idx_0747.png
fe0cca_0,fe0cca,1,CE,entrenamiento,datos/reducidas/1120/CE/idx_0748.png
fe9645_0,fe9645,3,CE,entrenamiento,datos/reducidas/1120/CE/idx_0749.png
fe9bec_0,fe9bec,4,LAA,prueba,datos/reducidas/1120/LAA/idx_0750.png
ff14e0_0,ff14e0,6,CE,validacion,datos/reducidas/1120/CE/idx_0751.png
ffec5c_0,ffec5c,7,LAA,entrenamiento,datos/reducidas/1120/LAA/idx_0752.png
ffec5c_1,ffec5c,7,LAA,entrenamiento,datos/reducidas/1120/LAA/idx_0753.png
