center_id,frecuencia,proporcion,porcentaje
1,54,0.07161803713527852,7.161803713527852
2,29,0.038461538461538464,3.8461538461538463
3,49,0.0649867374005305,6.49867374005305
4,114,0.15119363395225463,15.119363395225463
5,38,0.050397877984084884,5.039787798408488
6,38,0.050397877984084884,5.039787798408488
7,99,0.1312997347480106,13.12997347480106
8,16,0.021220159151193633,2.122015915119363
9,16,0.021220159151193633,2.122015915119363
10,44,0.058355437665782495,5.835543766578249
11,257,0.34084880636604775,34.08488063660477
