patient_id,label,center_id,n_imagenes,atipico_iqr
006388,CE,11,1,False
008e5c,CE,11,1,False
00c058,LAA,11,1,False
01adc5,LAA,11,1,False
026c97,CE,4,1,False
028989,LAA,5,1,False
029c68,CE,5,1,False
032f10,CE,7,1,False
0372b0,CE,7,1,False
037300,CE,11,1,False
03d1ec,LAA,11,1,False
03e6b7,CE,7,1,False
0415c3,CE,1,1,False
04439c,CE,11,1,False
045eb0,CE,11,1,False
0468a8,CE,11,2,True
049194,CE,5,2,True
04f7a4,CE,11,1,False
055f6a,LAA,6,1,False
05a1ec,CE,11,1,False
062387,LAA,6,1,False
070fe0,CE,4,1,False
08d3d8,LAA,4,1,False
09644e,CE,10,5,True
098f15,LAA,4,1,False
0a3ad1,LAA,7,1,False
0a47c9,LAA,1,1,False
0aaeb3,CE,6,1,False
0aff58,CE,10,1,False
0b25f8,CE,6,1,False
0b7871,CE,4,2,True
0b7cc8,CE,4,1,False
0ba49d,CE,11,1,False
0bd414,LAA,3,1,False
0bddf9,CE,11,1,False
0c60b8,CE,1,1,False
0cc0bc,CE,4,1,False
0d4164,CE,11,1,False
0d533f,CE,2,1,False
0d718a,CE,11,1,False
0d93ce,CE,11,1,False
0df5f8,CE,11,1,False
0e4dac,CE,11,1,False
0e696a,CE,5,2,True
0ed87f,CE,2,2,True
0ee750,LAA,6,2,True
0f2961,LAA,11,1,False
0fcfe9,LAA,6,1,False
0ff6fc,CE,5,1,False
0ff890,CE,7,1,False
112b6e,CE,11,2,True
113bb3,LAA,8,1,False
129102,CE,4,1,False
1295bb,CE,11,1,False
12c8c9,CE,9,1,False
13f372,CE,11,1,False
140d1a,CE,6,1,False
14d2fa,CE,11,1,False
15aab4,CE,4,1,False
15de51,LAA,4,1,False
162cad,LAA,11,1,False
1764ff,CE,4,1,False
194e3f,CE,11,1,False
19b036,CE,9,2,True
19dd95,CE,6,1,False
1a2e9e,CE,11,1,False
1b86c5,CE,4,1,False
1bbcba,CE,10,1,False
1d0518,CE,4,1,False
1d1bf0,CE,11,1,False
1d5335,CE,11,1,False
1d6d4f,CE,11,1,False
1db82d,LAA,4,2,True
1ec69e,CE,6,1,False
1ef6da,CE,7,1,False
1f018f,LAA,9,1,False
1f9d4f,CE,10,2,True
1fe0c4,CE,1,1,False
1ffc5d,LAA,11,1,False
205025,CE,11,1,False
20914b,CE,11,1,False
20d5cf,CE,11,1,False
214cfa,CE,7,2,True
21726e,CE,5,1,False
217b27,CE,11,1,False
21b106,CE,11,1,False
2244d2,CE,11,1,False
2268cf,CE,11,1,False
2394f6,CE,11,1,False
23b492,LAA,7,1,False
23d2c1,CE,7,3,True
2446b8,CE,11,1,False
244aeb,LAA,4,3,True
245758,LAA,11,1,False
24f8f5,CE,1,1,False
250944,CE,4,1,False
251bfc,CE,11,1,False
251c77,CE,11,1,False
2745fc,CE,11,1,False
27afc7,CE,4,1,False
280c26,CE,7,2,True
282d0a,CE,11,1,False
283f35,CE,1,1,False
288156,CE,11,1,False
291099,CE,9,1,False
29a4f6,LAA,6,1,False
29b1b7,LAA,11,1,False
2a25b9,LAA,2,1,False
2a25cf,LAA,7,1,False
2b49d6,CE,4,1,False
2b7304,LAA,3,3,True
2bcdd9,LAA,7,1,False
2bd8fe,LAA,6,1,False
2c64b2,LAA,11,1,False
2c8b18,CE,2,1,False
2db520,CE,7,1,False
2e3749,CE,7,1,False
2e725a,LAA,11,1,False
2e7d16,CE,11,1,False
2e8763,LAA,10,1,False
2eb2d7,CE,11,1,False
2ecb46,CE,4,1,False
2f4974,CE,11,1,False
2f73a2,CE,11,1,False
300145,LAA,11,1,False
3020ef,CE,11,1,False
313d30,LAA,1,1,False
3152c0,CE,10,1,False
31588e,CE,7,1,False
31adaa,CE,4,2,True
329006,LAA,11,1,False
32e44f,CE,11,1,False
33d071,CE,11,1,False
33d2a7,CE,11,1,False
33da32,CE,7,1,False
34a278,LAA,4,1,False
34c9bc,CE,10,1,False
354f74,LAA,11,1,False
355354,CE,4,2,True
35b75a,LAA,10,1,False
366fd0,CE,3,1,False
369366,CE,3,1,False
36a149,CE,11,1,False
37258c,CE,1,1,False
376cf6,CE,11,1,False
379f1c,CE,7,1,False
383f05,CE,11,1,False
384052,LAA,5,1,False
392b24,CE,1,1,False
395ea0,CE,11,1,False
3982bf,LAA,11,1,False
3a230b,CE,11,1,False
3ab087,CE,6,1,False
3ad0bb,CE,4,1,False
3b2c59,CE,11,1,False
3b7d81,CE,7,1,False
3bc9c9,CE,3,1,False
3bfe64,CE,11,1,False
3c2c23,CE,11,1,False
3cbdf3,CE,11,1,False
3d10be,CE,4,5,True
3d80c7,LAA,11,1,False
3ee426,LAA,1,1,False
3fe88b,CE,11,1,False
3fe8a3,CE,7,1,False
4094c4,CE,1,1,False
4188be,CE,5,1,False
41b23c,LAA,3,1,False
41b4ea,LAA,7,2,True
41db5b,LAA,6,1,False
424c9d,LAA,6,1,False
42529f,CE,11,1,False
437435,CE,7,2,True
43c62b,CE,7,1,False
43eacb,CE,11,1,False
4550fb,CE,11,1,False
45a0e5,CE,7,2,True
45c6ce,CE,11,1,False
45e3e0,CE,11,1,False
464289,CE,4,1,False
4647d7,CE,1,1,False
4667f6,CE,11,1,False
46def4,CE,3,1,False
46e479,CE,11,1,False
4763a7,CE,11,1,False
481ba8,LAA,5,1,False
488cd4,CE,11,1,False
48af1a,CE,7,1,False
4919a7,LAA,7,1,False
4929cd,CE,4,1,False
497c27,LAA,11,1,False
49ea39,CE,7,1,False
4a1152,CE,4,1,False
4a4043,CE,1,1,False
4b8777,CE,6,1,False
4bfb94,CE,11,1,False
4c284f,CE,6,1,False
4d15a9,CE,3,1,False
4ded24,CE,8,1,False
4dfe1e,LAA,6,1,False
4e30e9,CE,4,1,False
4f49c1,CE,4,1,False
4f6fb1,CE,10,4,True
4f7d1c,CE,11,1,False
4f9678,LAA,6,1,False
4f9ac6,CE,1,1,False
507ac9,CE,7,1,False
508589,LAA,11,1,False
509042,CE,1,1,False
50ba15,LAA,6,1,False
510d2e,CE,11,1,False
512856,CE,11,1,False
516e18,CE,10,2,True
526dba,CE,8,1,False
52bc2d,CE,11,1,False
52d106,CE,11,1,False
533081,CE,3,3,True
533a49,CE,1,1,False
53845a,LAA,5,2,True
53e0d7,LAA,10,1,False
540410,CE,4,1,False
5415fe,CE,11,1,False
547474,CE,3,1,False
54838a,LAA,11,1,False
54ddc7,CE,11,1,False
557c4b,CE,10,1,False
55809c,CE,10,1,False
5588f9,LAA,1,1,False
5619c3,CE,11,1,False
5671c1,CE,1,1,False
56d177,CE,7,5,True
579988,CE,9,1,False
588e11,CE,10,1,False
59441e,CE,4,1,False
5987c0,CE,2,4,True
599e16,CE,7,1,False
5adc4c,LAA,11,1,False
5ae30a,LAA,3,1,False
5aec9b,CE,11,1,False
5bfaf8,CE,11,1,False
5c30ec,LAA,11,1,False
5c92f8,CE,2,1,False
5cae18,CE,4,2,True
5d3738,CE,11,1,False
5d4b88,CE,2,2,True
5d819a,CE,7,2,True
5f0b6f,CE,6,1,False
5f3f01,CE,7,1,False
5f4bd3,CE,4,1,False
5f520a,CE,4,2,True
5f5dc0,CE,4,1,False
5fde88,LAA,11,1,False
5fdff2,LAA,3,1,False
6015f7,LAA,3,1,False
60a950,CE,7,1,False
611a50,LAA,11,1,False
615d87,CE,4,1,False
616c62,CE,2,2,True
623f89,CE,11,1,False
62dd90,CE,9,1,False
634e2f,CE,11,1,False
63f341,CE,11,1,False
64d167,CE,4,1,False
652471,CE,6,1,False
6569ba,LAA,11,1,False
658beb,CE,4,2,True
65aadd,CE,11,1,False
65d1b4,CE,11,1,False
65fe16,LAA,7,1,False
6670b9,LAA,11,1,False
6674a4,LAA,11,1,False
673181,CE,5,1,False
6747be,CE,5,2,True
68eb0e,CE,7,1,False
690b81,CE,11,1,False
69450f,CE,4,1,False
69d655,LAA,7,1,False
6baf51,LAA,11,2,True
6c4b62,LAA,3,1,False
6ce894,CE,11,1,False
6e08cb,LAA,4,1,False
6e211d,CE,1,1,False
6e6d49,CE,5,1,False
6f6e0c,LAA,4,1,False
6f9575,CE,11,1,False
6fac27,LAA,4,1,False
6fce60,LAA,11,1,False
6fe1f2,CE,7,1,False
709b79,CE,11,1,False
70c523,LAA,7,3,True
70f515,CE,11,1,False
719165,CE,11,1,False
72df9e,CE,5,2,True
72ead5,LAA,3,1,False
73c9a4,LAA,4,1,False
7428fc,CE,11,1,False
75e090,CE,4,1,False
75ee44,LAA,1,1,False
7633ea,CE,11,1,False
777311,CE,5,2,True
78c1c9,CE,4,1,False
79753f,CE,4,1,False
79ae8d,CE,4,2,True
79d1c1,CE,10,2,True
79d52a,LAA,11,2,True
79e30d,CE,11,1,False
7a9bc8,LAA,3,1,False
7b9aaa,CE,11,1,False
7bc484,LAA,7,1,False
7c2739,CE,11,1,False
7cf058,CE,5,1,False
7dd82f,LAA,7,2,True
7e9a65,CE,11,1,False
7f2ee2,CE,11,1,False
7f343b,CE,11,1,False
7f3781,CE,11,1,False
7fa91f,CE,4,2,True
7fd9f4,CE,7,1,False
802de5,CE,11,1,False
804f15,CE,1,1,False
80cc1b,CE,11,1,False
81092a,CE,11,1,False
81eb29,CE,1,1,False
820c9f,CE,9,1,False
821964,LAA,5,1,False
82399d,CE,7,3,True
82653f,CE,6,1,False
827928,CE,5,2,True
83198b,CE,9,1,False
83ae16,CE,4,1,False
83bfad,CE,2,1,False
83cedb,CE,11,1,False
8408a6,CE,4,1,False
845d82,LAA,11,1,False
84f77e,CE,8,1,False
856ae6,CE,11,1,False
85868f,CE,11,1,False
862501,LAA,7,2,True
86696d,CE,10,1,False
868720,CE,11,1,False
86e319,CE,7,3,True
8768db,CE,2,1,False
8781e2,CE,3,1,False
880f54,CE,11,1,False
88623d,CE,11,1,False
89933b,LAA,11,1,False
8a17b7,LAA,11,1,False
8b3323,CE,7,1,False
8b90fa,CE,11,1,False
8be762,CE,11,1,False
8c24eb,CE,11,1,False
8cf32b,LAA,4,1,False
8d60c1,CE,9,1,False
8e0244,LAA,4,1,False
8e0684,CE,4,1,False
8ebb0c,CE,1,1,False
8f71df,LAA,7,1,False
8fa951,CE,4,1,False
8fc6d5,CE,6,1,False
8fe2eb,CE,1,1,False
9010a1,LAA,11,1,False
907f7b,CE,10,1,False
90ffa4,CE,7,2,True
915264,LAA,3,1,False
91b9d3,LAA,3,5,True
91fee7,CE,8,1,False
931cea,CE,4,2,True
9452da,LAA,4,1,False
949107,CE,1,1,False
957643,CE,11,1,False
977a49,CE,1,1,False
98123e,CE,11,1,False
983df1,CE,2,1,False
9874eb,CE,1,1,False
988131,LAA,11,1,False
98db2b,CE,4,1,False
991ad1,CE,7,1,False
992abf,CE,11,1,False
9961af,LAA,11,1,False
99c5c8,CE,1,1,False
9a807e,CE,7,1,False
9cc010,CE,7,1,False
9d609a,CE,10,1,False
9d71ef,CE,8,1,False
9dd7d8,CE,11,1,False
9de0fa,CE,5,1,False
9e06cb,LAA,10,1,False
9eda1d,LAA,5,1,False
9ee0e2,LAA,4,1,False
9efc03,CE,11,1,False
9f0f05,CE,11,1,False
9f305c,CE,4,1,False
9f7649,LAA,3,2,True
9f84c0,CE,11,1,False
9fa03a,CE,2,1,False
9fc787,CE,11,1,False
9fd56b,CE,3,1,False
9fdc31,CE,1,1,False
a1f13b,LAA,10,1,False
a22718,LAA,11,1,False
a24fac,CE,4,1,False
a26055,LAA,7,3,True
a2b566,CE,11,1,False
a2c497,LAA,11,1,False
a3a4cb,CE,6,1,False
a45b72,CE,11,1,False
a45bac,CE,11,1,False
a4c7df,LAA,11,1,False
a4c877,CE,6,4,True
a4e918,CE,11,1,False
a59c0d,CE,6,2,True
a6f5ae,LAA,7,1,False
a95219,LAA,11,1,False
a9573c,CE,8,1,False
a96be4,LAA,11,1,False
a975ab,CE,7,2,True
a9c427,CE,5,1,False
aa2f56,CE,9,1,False
ab1b6e,CE,3,1,False
abc4a3,CE,7,3,True
abc682,LAA,5,1,False
abfcb7,CE,5,1,False
ac2147,LAA,9,1,False
adc6e3,LAA,11,1,False
ae0487,LAA,3,1,False
ae26ae,CE,2,1,False
aeb3bd,LAA,11,1,False
af4dd6,CE,4,1,False
af7a93,CE,4,1,False
b01110,LAA,4,1,False
b07b42,CE,11,1,False
b1e363,LAA,11,2,True
b1f248,CE,4,1,False
b21b87,CE,8,1,False
b25f2b,CE,11,1,False
b342b0,CE,11,1,False
b3c755,CE,4,1,False
b43ebe,CE,7,2,True
b46f3b,CE,3,1,False
b4a34d,CE,5,1,False
b525a8,CE,3,1,False
b5aece,LAA,7,1,False
b6cfea,LAA,6,1,False
b6f1e9,LAA,7,1,False
b6fffe,CE,11,1,False
b7f78e,CE,3,1,False
b894f4,CE,11,1,False
b8ef90,CE,11,1,False
b948e8,CE,4,1,False
ba8305,LAA,11,1,False
baa4c4,CE,4,1,False
bb06a5,CE,11,1,False
bbc5b1,CE,5,1,False
bc9536,LAA,11,1,False
bd0cea,CE,6,1,False
bd783d,CE,1,2,True
bdf3c2,LAA,3,1,False
bec7ca,CE,4,1,False
bf1599,LAA,11,1,False
bff862,CE,2,1,False
c01d28,CE,4,2,True
c07ca9,CE,11,1,False
c12836,CE,7,2,True
c1b288,CE,11,1,False
c1b699,CE,11,1,False
c1cf0d,LAA,4,1,False
c30f14,CE,1,2,True
c31442,LAA,8,1,False
c32d76,CE,2,3,True
c3a1a5,CE,4,1,False
c3f2f8,CE,11,1,False
c42387,LAA,11,1,False
c4a601,CE,11,1,False
c4da19,CE,11,1,False
c5d171,LAA,1,1,False
c5e687,CE,8,1,False
c61b26,CE,8,1,False
c63918,CE,11,1,False
c65db4,CE,3,2,True
c68551,CE,1,1,False
c6c758,CE,11,1,False
c78d6b,CE,9,1,False
c8912e,CE,4,1,False
c92b51,CE,11,1,False
c97365,CE,1,1,False
c9ab6c,LAA,1,1,False
c9d53d,LAA,6,1,False
ca2f66,CE,11,1,False
ca7b57,LAA,4,1,False
caf901,CE,7,1,False
cb1293,LAA,11,1,False
cb2534,CE,4,2,True
cb4f8e,LAA,11,2,True
cc73c0,CE,11,1,False
cde001,CE,1,1,False
cff1ce,CE,10,1,False
d03362,LAA,11,1,False
d13031,CE,4,1,False
d1da59,CE,8,1,False
d20177,CE,5,1,False
d23cd1,CE,1,1,False
d24672,CE,11,1,False
d25a2f,CE,11,1,False
d2c18a,LAA,11,1,False
d2e447,CE,11,1,False
d33b23,CE,11,1,False
d346ca,LAA,3,1,False
d36b5f,CE,7,1,False
d380dc,CE,11,1,False
d3d21b,CE,1,1,False
d44b91,LAA,7,2,True
d4791c,CE,10,1,False
d4ac9a,LAA,5,1,False
d4c955,CE,7,2,True
d4dc4f,LAA,3,1,False
d53809,CE,5,1,False
d53ab7,CE,7,1,False
d5c637,CE,3,1,False
d62b1d,LAA,3,1,False
d6525e,LAA,2,1,False
d74701,CE,4,2,True
d7a20d,LAA,4,1,False
d7dc3e,CE,8,1,False
d7dcea,CE,1,1,False
d862da,LAA,7,1,False
d8a746,CE,11,1,False
d8db68,LAA,1,1,False
d91d0f,CE,1,1,False
d923a7,CE,11,1,False
d93fd8,CE,11,1,False
d98dc9,CE,11,1,False
da732b,LAA,1,1,False
dae554,LAA,2,1,False
db268c,LAA,11,1,False
dba56f,LAA,4,1,False
dbd64b,CE,5,1,False
dbecb3,LAA,11,1,False
dc8f86,CE,5,2,True
dca376,CE,11,1,False
dca3b1,LAA,11,1,False
dd05a2,CE,9,1,False
dd6316,CE,2,1,False
de9e4c,LAA,11,1,False
deec71,LAA,10,1,False
defd00,LAA,11,1,False
df2c0d,CE,10,1,False
df4c9c,CE,11,1,False
df543d,CE,6,2,True
dfd99d,CE,7,1,False
e0b829,CE,3,1,False
e0cfd5,CE,11,1,False
e10f49,CE,3,1,False
e10fdb,LAA,11,1,False
e251ff,CE,4,1,False
e26a04,LAA,3,2,True
e316dd,CE,4,2,True
e3a230,CE,11,1,False
e3a24f,CE,11,1,False
e3e850,LAA,11,1,False
e3f976,CE,11,1,False
e5bd0b,CE,11,1,False
e5f672,CE,11,1,False
e60ca1,CE,11,1,False
e65811,CE,10,1,False
e6764f,LAA,11,1,False
e6ceb4,CE,10,2,True
e72352,CE,8,1,False
e732f6,CE,1,2,True
e7bec8,CE,2,1,False
e7d583,CE,7,1,False
e8dceb,CE,11,1,False
e96bd3,CE,11,1,False
e9c181,CE,10,2,True
ea2aad,CE,8,1,False
eb21f0,LAA,11,1,False
eb6733,CE,11,1,False
ebb225,CE,11,1,False
ebce5d,CE,11,1,False
ec3098,CE,6,1,False
ed5006,LAA,11,1,False
edc9a4,LAA,11,1,False
eebf8d,CE,1,3,True
ef0c95,CE,4,1,False
ef1b15,CE,10,1,False
ef68ba,CE,9,1,False
f05449,LAA,11,1,False
f115aa,CE,2,1,False
f1f952,CE,11,3,True
f27c51,CE,1,1,False
f2aba9,CE,11,1,False
f2c002,CE,9,1,False
f322da,CE,11,1,False
f3e9f6,LAA,4,2,True
f40c69,LAA,11,4,True
f4287c,CE,11,1,False
f4c9ff,CE,11,1,False
f4d8f8,CE,11,1,False
f56138,CE,4,1,False
f57f2e,CE,7,1,False
f58fcb,CE,11,1,False
f5ce23,LAA,3,1,False
f75146,CE,1,2,True
f7f1bc,CE,10,1,False
f7fb11,LAA,11,1,False
f83bf0,LAA,1,1,False
f8712b,CE,11,1,False
f94fb1,LAA,11,1,False
f9569b,CE,11,1,False
f95d8b,CE,11,2,True
f9c105,CE,11,1,False
f9fc6b,LAA,11,2,True
fa0080,CE,10,1,False
fa9050,CE,11,1,False
fa9747,LAA,11,1,False
fad610,CE,4,1,False
fb5f7e,CE,4,2,True
fb8bf8,CE,3,1,False
fbdcde,LAA,11,2,True
fbf2eb,CE,10,1,False
fd3079,CE,7,1,False
fd368e,LAA,10,1,False
fd418f,CE,8,1,False
fd684f,LAA,11,1,False
fd7c5b,CE,2,1,False
fdce0f,CE,4,3,True
fde9ba,LAA,4,1,False
fdf998,CE,4,2,True
fe0cca,CE,1,1,False
fe9645,CE,3,1,False
fe9bec,LAA,4,1,False
ff14e0,CE,6,1,False
ffec5c,LAA,7,2,True
