,count,mean,std,min,25%,50%,75%,max
tejido_fraccion,6.0,0.5285428600330039,0.38978084363763593,0.14667683117953126,0.19457426459579855,0.46507386277949014,0.8608091473579407,0.9973039627075195
nitidez_laplaciano,6.0,4040.105367737533,4516.865762933319,937.6820133328804,1078.0822653062505,2358.567299336113,4546.494573914821,12658.758008349407
gris_media,6.0,192.2192733284653,52.501543634510625,118.72014123320578,159.0237473375201,199.16811068852576,237.1010107537429,240.87167369786766
gris_std,6.0,47.452547399613955,19.497032676472674,30.226958440572652,36.36408464852494,39.48451924877858,53.02066210417604,82.66263795513832
entropia_gris,6.0,4.908985676869757,2.391609751209602,2.183992890042789,3.008769578195676,4.988607726224027,7.048321021297216,7.208990070219863
r_tejido,6.0,183.8080279274707,31.80341585493908,147.40427008853965,159.44012249976407,186.88223487176634,194.78879484467575,233.96236118800974
g_tejido,6.0,137.56198801169649,25.63043224663528,99.02434047461448,121.79276763101953,142.54359541813298,158.75886217119077,162.22062063510677
b_tejido,6.0,109.25170368224703,51.17888116591169,27.22667121052252,96.91608278942604,112.1469232869672,123.35568523269696,185.05862913750602
ancho_px,6.0,1622.3333333333333,544.8734409628228,684.0,1433.5,1770.0,2048.0,2048.0
alto_px,6.0,1678.0,405.3403508164466,1302.0,1308.5,1682.0,2048.0,2048.0
tamano_mb,6.0,1.7878795,0.6347003520061258,0.593745,1.742509,1.897345,2.2261345,2.312214
