x,y,lado,tejido_fraccion,nitidez_laplaciano,gris_media,gris_std,entropia_gris,r_tejido,g_tejido,b_tejido,aceptado,motivo,image_id,preparacion,label,patient_id,atipico_nitidez_laplaciano,atipico_entropia_gris,atipico_tejido_fraccion
256,256,128,0.8707275390625,7858.802043099609,144.84003448486328,61.85518813940115,7.117072430989917,161.87410626664797,125.04878732651058,62.11706154493201,True,aceptado,0412ab_0,vista_png,,,True,False,False
256,1024,128,0.7686767578125,5505.881630205444,171.4294005126953,65.86670522495157,6.4401547823810095,150.65864697474987,139.31586469747498,175.4174209941242,True,aceptado,08b8ef_0,vista_png,,,False,False,True
0,0,128,0.89080810546875,8724.355918604979,127.2547866821289,76.41383535956116,7.8024593395081485,140.30366563891744,109.07132579650565,55.500719424460435,True,aceptado,006388_0,recorte_jpg,CE,006388,False,False,True
128,0,128,0.985595703125,8314.263145599365,103.75236206054686,59.508671214277506,7.693693758507426,136.21823135992074,96.32846172900669,38.288147138964575,True,aceptado,006388_0,recorte_jpg,CE,006388,False,False,True
512,0,128,0.9407958984375,13668.19754816272,121.66668817138671,73.05443299009404,7.852876269674223,139.48689503049175,110.4994809913066,62.39288958090048,True,aceptado,006388_0,recorte_jpg,CE,006388,False,False,True
640,0,128,0.2916259765625,3678.95601412622,217.43198870849608,65.8262985701254,4.366261346657912,152.05023022185014,124.7480117203851,91.62745918794475,True,aceptado,006388_0,recorte_jpg,CE,006388,False,False,True
1024,0,128,0.8414306640625,5661.271121868285,134.9901713256836,69.70195269202246,7.405141188365803,143.19120847236326,106.9524154939794,63.880458436094585,True,aceptado,006388_0,recorte_jpg,CE,006388,False,False,True
1536,0,128,0.26324462890625,158.96526878259277,212.50772998046872,80.81561236186096,3.720115352262721,110.11546487363783,91.95733827961975,80.2397403199629,True,aceptado,006388_0,recorte_jpg,CE,006388,False,True,True
0,128,128,0.919677734375,6728.131747137939,120.89359442138672,75.21795174943361,7.838954083078641,138.55501725511016,106.18383328908946,51.71290151314043,True,aceptado,006388_0,recorte_jpg,CE,006388,False,False,True
128,128,128,0.96978759765625,6350.4322488616945,107.06107592773436,65.77470903499704,7.75103318761629,135.81056076530933,97.44212977531626,42.59248536723519,True,aceptado,006388_0,recorte_jpg,CE,006388,False,False,True
256,128,128,0.98590087890625,8701.667223889037,108.28149597167967,57.41246027463555,7.6368777738764955,140.4722961678945,100.94044449947378,44.05584102024392,True,aceptado,006388_0,recorte_jpg,CE,006388,False,False,True
512,128,128,0.97772216796875,12471.805725903807,113.17655029296876,68.79659859293326,7.849718551712726,137.7114052063175,106.60222236094637,55.80198514264311,True,aceptado,006388_0,recorte_jpg,CE,006388,False,False,True
640,128,128,0.70074462890625,7678.367349229247,159.5508678588867,79.73426662138175,7.259682514887206,149.3625119763087,114.16810382370873,75.87814650291786,True,aceptado,006388_0,recorte_jpg,CE,006388,False,False,True
1024,128,128,0.54803466796875,3869.090623231934,179.71387780761717,78.9110572832138,5.936146779253663,145.755540706092,114.08286000668225,71.14778928611204,True,aceptado,006388_0,recorte_jpg,CE,006388,False,False,True
1536,128,128,0.3638916015625,2941.4602478656,198.29329553222658,85.45851749475692,4.613326242179063,112.27356591747736,98.20379067427038,85.05182824555519,True,aceptado,006388_0,recorte_jpg,CE,006388,False,False,True
0,256,128,0.94464111328125,6835.097333013549,123.11243701171874,67.37615498490626,7.836221081973267,146.40621567487239,111.88906118756864,55.27285649673709,True,aceptado,006388_0,recorte_jpg,CE,006388,False,False,True
128,256,128,0.52899169921875,3810.525583312133,181.57231542968748,83.2298264065337,6.230058379780633,146.41133033344872,113.35121726087458,66.21622245298258,True,aceptado,006388_0,recorte_jpg,CE,006388,False,False,True
256,256,128,0.9580078125,8116.595843330566,107.92253564453125,65.10824678034554,7.78882344473603,132.29300458715596,97.16265290519878,44.3184250764526,True,aceptado,006388_0,recorte_jpg,CE,006388,False,False,True
512,256,128,0.970703125,7575.735084492187,110.41150323486326,58.82408337676056,7.6802921944780795,139.8960638832998,100.55526911468813,47.19158702213279,True,aceptado,006388_0,recorte_jpg,CE,006388,False,False,True
640,256,128,0.9669189453125,8317.426056468017,112.13900860595703,63.3340058750637,7.739230738061554,140.83335437444768,101.49274081555359,50.545638176997855,True,aceptado,006388_0,recorte_jpg,CE,006388,False,False,True
1024,256,128,0.341796875,2391.4719291043702,209.78600189208984,70.49760177820815,4.728687670226021,149.0494642857143,119.20535714285714,93.16214285714285,True,aceptado,006388_0,recorte_jpg,CE,006388,False,False,True
1408,256,128,0.26104736328125,2058.8761010323487,219.54575872802735,67.27043794498906,3.8493926614443055,119.02151040448913,120.26209960252514,133.68716389992986,True,aceptado,006388_0,recorte_jpg,CE,006388,False,True,True
1536,256,128,0.91912841796875,6748.825199038574,110.76807427978514,66.24116003295283,7.5821098993664435,126.64546118600173,93.42698718374395,48.81784979082276,True,aceptado,006388_0,recorte_jpg,CE,006388,False,False,True
0,384,128,0.36895751953125,3983.8025378602288,213.42182989501953,65.1719503599687,5.255330043946811,164.64615384615385,143.95070306038048,104.06087675765095,True,aceptado,006388_0,recorte_jpg,CE,006388,False,False,True
128,384,128,0.7166748046875,8256.42031545044,160.83375994873046,80.87137166779853,7.064357344444872,152.60994719809233,121.17577925396014,66.55527167433146,True,aceptado,006388_0,recorte_jpg,CE,006388,False,False,True
768,384,128,0.9825439453125,9411.280551065063,115.6611284790039,62.17622418943096,7.7261771352345345,143.7993539570133,109.35134799353958,54.120449745309976,True,aceptado,006388_0,recorte_jpg,CE,006388,False,False,True
896,384,128,0.7532958984375,8574.907740429686,149.95480065917968,80.42155395721274,7.466078952714081,141.3338194782045,112.16528925619835,76.57770215524226,True,aceptado,006388_0,recorte_jpg,CE,006388,False,False,True
1024,384,128,0.76324462890625,9075.291078302978,154.5773857421875,78.44274989212005,7.556244404942707,140.36625349860057,121.61167532986805,100.99592163134746,True,aceptado,006388_0,recorte_jpg,CE,006388,False,False,True
1280,384,128,0.84674072265625,7260.217049898437,127.33024841308594,73.59952161767193,7.346647488055951,136.24306206300008,100.41548331290997,42.647012181936134,True,aceptado,006388_0,recorte_jpg,CE,006388,False,False,True
1408,384,128,0.84619140625,8536.691091169188,138.7562951660156,77.19342804159577,7.604636964202419,142.4831217541835,116.64360934795153,65.2469705712637,True,aceptado,006388_0,recorte_jpg,CE,006388,False,False,True
0,512,128,0.7362060546875,8151.664151974731,167.43815740966795,78.1824651634792,7.3513710320640735,160.2098325319184,136.2735864699055,85.49684961034654,True,aceptado,006388_0,recorte_jpg,CE,006388,False,False,True
768,512,128,0.45233154296875,4750.902654902709,195.93287261962888,77.99850467862204,5.563476445947458,149.48252597490216,123.61341249493995,80.60234786128727,True,aceptado,006388_0,recorte_jpg,CE,006388,False,False,True
896,512,128,0.59722900390625,6883.64634701062,175.3311199951172,82.22362775367615,6.829978053567761,144.84864588656106,120.16320899335717,86.80929994890138,True,aceptado,006388_0,recorte_jpg,CE,006388,False,False,True
1024,512,128,0.44818115234375,5304.576354691039,194.3109422607422,78.68379738478473,5.831684548376137,135.5866811929729,116.94116845975759,112.49489309546507,True,aceptado,006388_0,recorte_jpg,CE,006388,False,False,True
1152,512,128,0.85986328125,6382.998556838256,124.1570629272461,68.43601182589589,7.2848025236079765,137.1568710959682,96.07098239636571,50.169789892106756,True,aceptado,006388_0,recorte_jpg,CE,006388,False,False,True
1408,512,128,0.97650146484375,8028.068861983642,115.22140405273437,61.16304810778444,7.715986785869891,143.24945309081818,109.39102443902743,43.73810863178949,True,aceptado,006388_0,recorte_jpg,CE,006388,False,False,True
0,640,128,0.95050048828125,11588.353537598754,130.78841857910157,73.55936661632036,7.837341705550568,148.50401335645026,122.12412508829384,75.85905092146665,True,aceptado,006388_0,recorte_jpg,CE,006388,False,False,True
640,640,128,0.54962158203125,5025.920898152832,173.32004040527343,87.69083158048052,6.239513588960827,132.5422543031649,103.6847307051638,65.23342587451415,True,aceptado,006388_0,recorte_jpg,CE,006388,False,False,True
768,640,128,0.29962158203125,3075.7513970622554,223.00395800781249,57.16234349958305,4.920211005690203,166.5300468527195,149.25809737217355,141.03218578121817,True,aceptado,006388_0,recorte_jpg,CE,006388,False,False,True
896,640,128,0.68115234375,7167.56920519458,164.4083643798828,77.4380825976829,7.223447466691479,143.3399641577061,118.33252688172043,100.92410394265232,True,aceptado,006388_0,recorte_jpg,CE,006388,False,False,True
1024,640,128,0.93072509765625,8751.490422623046,126.4317720336914,61.955338059151735,7.710131625423908,144.53662535248213,111.50003278903534,76.74726211554857,True,aceptado,006388_0,recorte_jpg,CE,006388,False,False,True
512,768,128,0.6806640625,7099.568770586791,163.83246520996096,75.9484098052539,6.951453101415928,145.3474713055954,117.19171449067431,88.21861549497848,True,aceptado,006388_0,recorte_jpg,CE,006388,False,False,True
640,768,128,0.34033203125,3157.005009312622,213.43635760498046,62.26841645120392,4.952766401213906,145.28963414634146,129.4298780487805,151.68669296987088,True,aceptado,006388_0,recorte_jpg,CE,006388,False,False,True
768,768,128,0.2967529296875,1959.4091697326658,217.41539556884766,62.24974204895517,4.4183951219847915,142.33916083916083,122.09563965446318,153.27478403948993,True,aceptado,006388_0,recorte_jpg,CE,006388,False,False,True
896,768,128,0.51708984375,4397.088243927612,183.2867664794922,78.0451372995235,5.576457899183001,149.34643531633617,107.20585457979226,83.30158168083098,True,aceptado,006388_0,recorte_jpg,CE,006388,False,False,True
512,896,128,0.8360595703125,8468.976521076049,140.3285393066406,68.9723775710263,7.5365960992167915,145.73879398452328,113.84815301503869,72.7698934150971,True,aceptado,006388_0,recorte_jpg,CE,006388,False,False,True
640,896,128,0.92156982421875,8602.590361369384,127.18686962890624,65.91439387471962,7.682431833121488,146.94363865156632,112.2088880058282,59.05768593946619,True,aceptado,006388_0,recorte_jpg,CE,006388,False,False,True
768,896,128,0.58905029296875,6056.828740916381,173.59579943847655,83.72586622266243,6.635001640411296,143.45249196974407,115.10371982178013,70.21842296135115,True,aceptado,006388_0,recorte_jpg,CE,006388,False,False,True
896,896,128,0.8677978515625,7636.638418853394,132.7212682495117,70.419294108114,7.591406273411206,144.14959909973274,109.56210437473625,63.50921367280912,True,aceptado,006388_0,recorte_jpg,CE,006388,False,False,True
768,1024,128,0.79656982421875,6605.029125110351,144.31733459472656,78.51687042146725,7.474814206338305,145.98084437974103,113.65496896789519,56.17286031721707,True,aceptado,006388_0,recorte_jpg,CE,006388,False,False,True
896,1024,128,0.89495849609375,8098.845028136595,122.95431292724608,66.77437018013553,7.498690996499783,141.1351019573075,103.30198458705586,42.53311055036487,True,aceptado,006388_0,recorte_jpg,CE,006388,False,False,True
128,1408,128,0.83856201171875,2195.623149010132,147.05996166992185,65.43914175260755,7.310549595545197,169.66926268287358,121.55244195356285,43.208020962224325,True,aceptado,006388_0,recorte_jpg,CE,006388,False,False,True
256,1408,128,0.8936767578125,1813.1622635914305,115.38514654541014,70.56586979552229,7.493053607454764,142.49651686928016,90.60995765605792,29.10183035104494,True,aceptado,006388_0,recorte_jpg,CE,006388,False,False,True
0,1920,128,0.97637939453125,3502.594482518676,97.92450378417968,51.77627104251737,7.348076320464312,137.28261549040445,85.85478527223854,24.650684503344376,True,aceptado,006388_0,recorte_jpg,CE,006388,False,False,True
0,0,128,0.9947509765625,4983.53095395337,45.860732421875,64.3067142146176,6.534213788930225,66.40894588293042,38.17137072033378,22.30298196097681,True,aceptado,008e5c_0,recorte_jpg,CE,008e5c,False,True,False
256,0,128,0.941650390625,1900.6281040937497,41.415734375,73.46109352710452,5.6449708115051225,43.107661394866476,22.791353383458645,20.39843142338605,True,aceptado,008e5c_0,recorte_jpg,CE,008e5c,False,True,False
384,0,128,0.9659423828125,2873.738876012085,46.10412774658203,71.51258720120406,5.996588498345564,54.518261089346645,33.99791482370782,24.194932389738405,True,aceptado,008e5c_0,recorte_jpg,CE,008e5c,False,True,False
512,0,128,0.99884033203125,1137.4532224633788,20.509015869140626,37.08475599436201,5.324466578134166,38.105041246562784,13.25523984112435,9.415948670944088,True,aceptado,008e5c_0,recorte_jpg,CE,008e5c,False,True,False
640,0,128,1.0,292.22354038281253,12.342936767578125,23.943819240702826,4.594115722587196,25.40875244140625,6.96722412109375,5.7540283203125,True,aceptado,008e5c_0,recorte_jpg,CE,008e5c,True,True,False
768,0,128,0.99951171875,530.0570922619629,14.154500061035154,32.60059957707324,4.465126112646636,24.303920371275037,10.21452125061065,6.844650708353688,True,aceptado,008e5c_0,recorte_jpg,CE,008e5c,True,True,False
896,0,128,1.0,283.43386224389644,16.794592712402345,29.550781036249557,5.180639281868266,33.17230224609375,10.3758544921875,6.889892578125,True,aceptado,008e5c_0,recorte_jpg,CE,008e5c,True,True,False
1024,0,128,0.96673583984375,3293.1801988347156,57.90665728759765,79.65243697488408,6.440529385071526,66.16869751878275,46.27905802133973,39.82309489235431,True,aceptado,008e5c_0,recorte_jpg,CE,008e5c,False,True,False
1536,0,128,0.55072021484375,12738.35008471411,206.74525238037108,52.52873389342962,6.568170512292629,183.90945361853042,164.61919538956002,175.44087332372825,True,aceptado,008e5c_0,recorte_jpg,CE,008e5c,False,True,True
0,128,128,0.48187255859375,773.9233383382568,163.52235345458985,101.08188275332971,4.946295161874593,103.69816339455352,48.96086130462318,52.046611779607346,True,aceptado,008e5c_0,recorte_jpg,CE,008e5c,False,True,True
128,128,128,0.52789306640625,1378.5981072736818,154.6967651977539,101.97105756973515,5.6235927079428425,107.83038501560874,48.947739623077815,42.98300381547,True,aceptado,008e5c_0,recorte_jpg,CE,008e5c,False,True,True
256,128,128,0.5604248046875,867.624638319458,150.02782849121093,102.57904776693792,5.546805912817659,112.18285776519276,50.18351121759965,45.900021781746894,True,aceptado,008e5c_0,recorte_jpg,CE,008e5c,False,True,True
384,128,128,0.66400146484375,1224.7548361152344,119.44353021240234,105.67800645706255,5.925018059733316,93.05018843643717,34.80384226491405,26.254894751355824,True,aceptado,008e5c_0,recorte_jpg,CE,008e5c,False,True,False
512,128,128,0.71588134765625,406.2828706253662,108.54726568603515,99.10313122597343,6.067871485762006,103.58589820104015,29.989086878676783,19.219541307869385,True,aceptado,008e5c_0,recorte_jpg,CE,008e5c,True,True,False
640,128,128,0.69580078125,1242.6290520489501,123.39824682617187,99.55212650437437,6.505231177474775,109.00938596491228,51.219298245614034,33.154649122807015,True,aceptado,008e5c_0,recorte_jpg,CE,008e5c,False,True,False
768,128,128,0.624267578125,2440.8547842706294,136.58859063720703,104.87883840117823,6.051889296293729,94.25655064528745,56.40046929996089,40.38032850997262,True,aceptado,008e5c_0,recorte_jpg,CE,008e5c,False,True,False
896,128,128,0.47039794921875,1810.3493415988767,180.62731134033203,93.9331835228815,5.108685844635442,121.64551706241079,87.67185675360062,87.1310496950824,True,aceptado,008e5c_0,recorte_jpg,CE,008e5c,False,True,True
1024,128,128,0.4102783203125,2780.1734077755123,191.88144390869138,89.32421702956103,4.9495585916272296,124.82549836358227,93.29068729544778,94.14043439452544,True,aceptado,008e5c_0,recorte_jpg,CE,008e5c,False,True,True
512,256,128,0.3870849609375,5665.764214122436,198.88744519042967,81.44016267840313,4.896017236908039,143.36376537369915,103.23431094292022,74.57931251970987,True,aceptado,008e5c_0,recorte_jpg,CE,008e5c,False,True,True
1280,256,128,0.56195068359375,8540.106505790038,175.56261206054688,87.49095904762257,6.196805151278559,144.4803953513631,105.95546866514609,82.45172151623764,True,aceptado,008e5c_0,recorte_jpg,CE,008e5c,False,True,True
1152,384,128,0.4976806640625,6905.9508861914055,177.49613195800782,91.78447821638484,5.73609325212907,133.41856757419671,90.36497424576895,68.46026490066225,True,aceptado,008e5c_0,recorte_jpg,CE,008e5c,False,True,True
512,768,128,0.44073486328125,6747.174351256224,189.0678088378906,86.64766444978196,5.520420337762082,133.99875363523057,98.96399390666113,80.0758897659604,True,aceptado,008e5c_0,recorte_jpg,CE,008e5c,False,True,True
0,1024,128,0.45880126953125,9473.752737230956,202.95002490234373,68.21378817689286,5.580457633400467,174.98988958361048,132.57922043368364,119.39616868431555,True,aceptado,008e5c_0,recorte_jpg,CE,008e5c,False,True,True
128,1024,128,0.26953125,4959.388974044433,230.7941046142578,45.05434828094479,4.578516837528797,187.12454710144928,164.62930253623188,170.93251811594203,True,aceptado,008e5c_0,recorte_jpg,CE,008e5c,False,True,True
256,1024,128,0.48126220703125,10009.43749882556,201.26215979003905,69.25608435623465,6.0291374092321925,170.4857324032974,138.33519340519976,125.10627774254914,True,aceptado,008e5c_0,recorte_jpg,CE,008e5c,False,True,True
512,1152,128,0.30145263671875,7329.2001127628155,227.11519323730468,48.614260978384735,4.51764025396543,186.50273334683135,157.9819801579267,165.90625632719173,True,aceptado,008e5c_0,recorte_jpg,CE,008e5c,False,True,True
640,1152,128,0.46197509765625,11527.106572673703,209.7698042602539,57.6680710562628,6.270283934191413,177.34694147179283,155.32434931959307,159.4176245210728,True,aceptado,008e5c_0,recorte_jpg,CE,008e5c,False,True,True
1024,1152,128,0.5416259765625,11838.632999046507,203.46799499511718,58.301677857523245,6.582148256411017,183.19123281496508,152.9859139057922,165.44703628577867,True,aceptado,008e5c_0,recorte_jpg,CE,008e5c,False,False,True
0,1536,128,0.4307861328125,9417.154557007569,219.9557762451172,48.25045422299615,5.457297771949673,190.31198639841315,170.42618305468972,183.2594219325588,True,aceptado,008e5c_0,recorte_jpg,CE,008e5c,False,True,True
640,1536,128,0.32525634765625,9485.971461127927,227.48840563964842,45.07150021393967,4.572898143111981,186.68887220866955,169.30737474197787,174.35485081628823,True,aceptado,008e5c_0,recorte_jpg,CE,008e5c,False,True,True
1024,1536,128,0.3369140625,6149.71581374829,227.1799598388672,42.95812983610009,4.632167524146218,202.13731884057972,163.7519927536232,171.89257246376812,True,aceptado,008e5c_0,recorte_jpg,CE,008e5c,False,True,True
768,1664,128,0.44830322265625,12531.345460842163,217.76720166015625,47.140048395242374,5.871354374862062,189.8643975493533,170.07760381211708,178.57808032675288,True,aceptado,008e5c_0,recorte_jpg,CE,008e5c,False,True,True
1152,1664,128,0.2733154296875,6141.654375610351,233.03719049072265,39.07387235176832,4.218870290756309,190.7815989280929,174.6279589102278,184.27534613666816,True,aceptado,008e5c_0,recorte_jpg,CE,008e5c,False,True,True
896,1792,128,0.322509765625,8064.249207781982,227.26383258056643,44.93113303680756,4.999693857640588,184.07115821347463,170.16161998485995,180.5395533686601,True,aceptado,008e5c_0,recorte_jpg,CE,008e5c,False,True,True
1280,1792,128,0.4375,8182.811689361693,218.5426414794922,46.828575784428125,5.46206696436508,192.38504464285714,165.99846540178572,178.69140625,True,aceptado,008e5c_0,recorte_jpg,CE,008e5c,False,True,True
384,0,128,0.98870849609375,4703.331198892089,163.82525872802734,29.415222400800662,6.858618730761064,236.4474967590592,143.14025557133155,71.93876165195383,True,aceptado,00c058_0,recorte_jpg,LAA,00c058,False,False,True
1920,0,128,0.99237060546875,9290.032369069577,140.66290130615232,38.96385250261823,7.258874880943213,217.64770281075096,110.42438034319454,87.56903868626607,True,aceptado,00c058_0,recorte_jpg,LAA,00c058,False,False,True
128,512,128,0.988037109375,3757.7198370393053,161.49520135498045,32.31019566385119,6.99110502471966,235.510501606128,132.95638744749198,105.75778354336546,True,aceptado,00c058_0,recorte_jpg,LAA,00c058,False,False,True
1920,640,128,0.98809814453125,5824.791316955321,158.69151110839846,34.478332468206844,7.093992863071776,228.1056890481191,129.19408240163074,119.57526715671135,True,aceptado,00c058_0,recorte_jpg,LAA,00c058,False,False,True
0,1152,128,0.99237060546875,8200.864940777099,140.44324774169922,36.2153008039913,7.139976685953863,217.99766283289256,113.05203272033951,71.16071099083584,True,aceptado,00c058_0,recorte_jpg,LAA,00c058,False,False,True
0,1280,128,0.994384765625,8216.899279384397,140.94113061523439,37.424184820421296,7.170715691127052,215.94291676896637,113.55665357230542,80.12374171372453,True,aceptado,00c058_0,recorte_jpg,LAA,00c058,False,False,True
512,1280,128,0.99517822265625,3318.9731924998773,162.00259759521484,28.19468380466806,6.706997303574205,236.05673106409077,146.03876111622202,46.549770009199634,True,aceptado,00c058_0,recorte_jpg,LAA,00c058,False,False,True
0,1408,128,0.99688720703125,9800.890469694823,133.94044311523436,37.55561292550863,7.140444373313404,218.8938957937917,96.66221759627747,100.07953223535173,True,aceptado,00c058_0,recorte_jpg,LAA,00c058,True,False,False
256,1408,128,0.99298095703125,6289.820342889891,156.60063500976563,34.18362075960016,7.021369726220313,229.2646136824636,136.50279672997726,64.10590693957833,True,aceptado,00c058_0,recorte_jpg,LAA,00c058,False,False,True
896,1408,128,0.999755859375,1247.409864242065,171.00247741699218,17.829177775889857,6.0899950789197375,243.58052503052502,161.97191697191698,26.987851037851037,True,aceptado,00c058_0,recorte_jpg,LAA,00c058,False,True,False
128,1536,128,0.994384765625,11682.172867278074,141.37900103759765,38.889039533232506,7.23922392223375,219.94776577461332,106.14761846304935,111.63877976921188,True,aceptado,00c058_0,recorte_jpg,LAA,00c058,True,False,True
384,1664,128,0.99407958984375,8318.669330353636,163.35188031005856,33.23494221576109,7.059666945673824,232.41063424817338,126.36575182661018,168.52201142015105,True,aceptado,00c058_0,recorte_jpg,LAA,00c058,False,False,True
768,1664,128,0.99517822265625,5847.304535843748,176.3813168334961,30.830224640292013,6.930347413678786,234.3579270162527,145.34927936215885,181.30597976080958,True,aceptado,00c058_0,recorte_jpg,LAA,00c058,False,False,True
0,1792,128,0.98931884765625,9254.51418814465,144.00341033935547,39.84779527726265,7.262546288565959,226.7916589549016,93.48787710531187,177.62804614720218,True,aceptado,00c058_0,recorte_jpg,LAA,00c058,False,False,True
128,1792,128,0.99432373046875,7897.977750854856,134.83542596435547,36.51807436138119,7.122884419786208,226.91719354244674,82.86507887790805,155.50395924129887,True,aceptado,00c058_0,recorte_jpg,LAA,00c058,False,False,True
256,1792,128,0.99542236328125,8707.318896834837,140.1431159057617,35.21497942000773,7.117689075766872,226.81053406094793,94.81231222024648,142.0632779446931,True,aceptado,00c058_0,recorte_jpg,LAA,00c058,False,False,True
384,1792,128,0.99505615234375,8559.579365081296,153.3151428222656,37.103165941148916,7.173929837050954,223.6720848923511,132.62019260258847,71.41182604428633,True,aceptado,00c058_0,recorte_jpg,LAA,00c058,False,False,True
1280,1792,128,0.99517822265625,5126.660487639281,156.9004512939453,28.325811180272574,6.776226749761165,234.19374425023,128.74382091383012,95.53547991413677,True,aceptado,00c058_0,recorte_jpg,LAA,00c058,False,False,True
0,1920,128,0.69482421875,6640.7971792938215,180.0361304321289,55.17181782919405,6.581256273317242,229.33274771609277,104.13835207308503,187.7043218552354,True,aceptado,00c058_0,recorte_jpg,LAA,00c058,False,False,True
128,1920,128,0.996337890625,9701.739970486691,137.9496137084961,37.15188114848759,7.171239564405939,224.34556481254594,90.91570693457486,150.1331781426121,True,aceptado,00c058_0,recorte_jpg,LAA,00c058,True,False,False
256,1920,128,0.98992919921875,10072.192924904173,149.8640806274414,37.924037534100286,7.204650210113012,224.258523953388,113.93976200752205,131.39484555151367,True,aceptado,00c058_0,recorte_jpg,LAA,00c058,True,False,True
