image_id,patient_id,center_id,label,width,height,preview_width,preview_height,fraccion_candidata_tejido,fondo_r,fondo_g,fondo_b,fondo_moda_borde_fraccion,tejido_r_media,tejido_g_media,tejido_b_media,tejido_gris_media,tejido_textura_mediana
006388_0,006388,11,CE,1120,2002,280,501,0.25349,255.0,255.0,255.0,0.9988,158.97,117.27,91.15,122.46,32.11
008e5c_0,008e5c,11,CE,1120,5593,280,1398,0.21924,255.0,255.0,255.0,1.0,178.65,149.77,135.24,154.55,24.33
00c058_0,00c058,11,LAA,1120,4537,280,1134,0.1445,255.0,241.0,255.0,0.9993,237.96,131.99,160.36,176.77,13.85
01adc5_0,01adc5,11,LAA,1120,2354,280,589,0.07208,243.0,243.0,243.0,0.9781,183.98,149.24,145.6,159.61,25.12
026c97_0,026c97,4,CE,1120,1426,280,357,0.26682,255.0,255.0,255.0,1.0,209.83,150.21,61.98,140.68,10.69
028989_0,028989,5,LAA,1120,2927,280,732,0.27275,255.0,250.0,255.0,0.9838,210.0,125.92,50.55,128.83,14.83
029c68_0,029c68,5,CE,1120,1155,280,289,0.14569,234.0,216.0,254.0,1.0,183.52,95.35,68.68,115.85,39.8
032f10_0,032f10,7,CE,1120,4863,280,1216,0.18805,255.0,241.0,255.0,1.0,234.83,150.07,135.06,173.32,14.08
0372b0_0,0372b0,7,CE,1120,5815,280,1454,0.1648,196.0,211.0,192.0,0.6058,202.11,146.08,167.12,171.77,15.53
037300_0,037300,11,CE,1120,2906,280,727,0.11306,255.0,241.0,255.0,0.9994,230.38,130.49,159.62,173.5,19.12
03d1ec_0,03d1ec,11,LAA,1120,1473,280,368,0.12684,255.0,255.0,255.0,0.9998,201.18,155.07,174.88,177.04,15.63
03e6b7_0,03e6b7,7,CE,1120,3071,280,768,0.11902,234.0,216.0,254.0,1.0,203.16,130.3,181.91,171.79,15.79
0415c3_0,0415c3,1,CE,1100,4300,280,1095,0.11765,255.0,255.0,255.0,0.9999,217.91,151.15,74.14,147.73,19.64
04439c_0,04439c,11,CE,1120,2381,280,595,0.12433,255.0,255.0,255.0,1.0,172.4,98.2,109.46,126.69,18.93
045eb0_0,045eb0,11,CE,1120,2381,280,595,0.13243,255.0,255.0,255.0,0.9996,176.44,115.29,78.55,123.43,22.59
0468a8_0,0468a8,11,CE,1120,2329,280,582,0.12165,255.0,255.0,255.0,1.0,158.27,86.94,74.91,106.71,40.3
0468a8_1,0468a8,11,CE,1120,1288,280,322,0.24002,255.0,255.0,255.0,0.9998,110.7,70.28,57.41,79.46,39.94
049194_0,049194,5,CE,1120,1131,280,283,0.16795,255.0,250.0,255.0,1.0,211.28,159.2,181.05,183.84,30.22
049194_1,049194,5,CE,1120,2464,280,616,0.08444,255.0,250.0,255.0,1.0,221.14,154.79,164.47,180.13,26.14
04f7a4_0,04f7a4,11,CE,1120,2634,280,659,0.13786,255.0,255.0,255.0,0.9996,172.62,126.81,150.03,149.82,18.49
055f6a_0,055f6a,6,LAA,1120,2953,280,738,0.2144,196.0,211.0,192.0,0.7799,203.74,172.13,159.18,178.35,12.26
05a1ec_0,05a1ec,11,CE,1120,1784,280,446,0.21617,255.0,255.0,255.0,1.0,208.24,141.39,137.76,162.46,25.83
062387_0,062387,6,LAA,1120,3642,280,911,0.27001,196.0,211.0,192.0,0.751,203.89,179.85,110.73,164.82,10.71
070fe0_0,070fe0,4,CE,1120,1513,280,378,0.29521,255.0,255.0,255.0,0.9784,210.13,137.86,62.51,136.83,12.65
08d3d8_0,08d3d8,4,LAA,1120,1446,280,362,0.23609,255.0,255.0,255.0,0.9999,218.71,197.87,125.16,180.58,18.01
09644e_0,09644e,10,CE,1120,3233,280,808,0.21028,255.0,250.0,255.0,1.0,224.47,139.27,84.23,149.32,17.0
09644e_1,09644e,10,CE,1120,2491,280,623,0.20131,255.0,250.0,255.0,0.9998,211.84,131.49,118.1,153.81,26.67
09644e_2,09644e,10,CE,1120,1822,280,456,0.16445,255.0,241.0,255.0,0.9996,222.93,139.59,89.14,150.56,17.4
09644e_3,09644e,10,CE,1120,2210,280,553,0.1378,255.0,250.0,255.0,0.9997,222.58,130.76,119.15,157.49,35.46
09644e_4,09644e,10,CE,1120,3131,280,783,0.16124,255.0,241.0,255.0,0.9992,238.77,140.24,76.9,151.97,15.13
098f15_0,098f15,4,LAA,1120,1415,280,354,0.25951,255.0,255.0,255.0,1.0,183.2,102.41,69.02,118.21,18.24
0a3ad1_0,0a3ad1,7,LAA,1120,1714,280,429,0.1481,234.0,216.0,254.0,0.9999,192.04,113.5,106.15,137.23,23.64
0a47c9_0,0a47c9,1,LAA,1120,1264,280,316,0.2138,255.0,255.0,255.0,0.9983,224.05,169.47,121.95,171.83,29.68
0aaeb3_0,0aaeb3,6,CE,1120,1052,280,263,0.07284,196.0,211.0,192.0,0.843,200.28,147.76,170.77,172.94,17.44
0aff58_0,0aff58,10,CE,1120,3595,280,899,0.14366,255.0,241.0,255.0,0.9998,237.62,173.26,100.29,170.39,10.73
0b25f8_0,0b25f8,6,CE,1120,2675,280,669,0.14147,255.0,255.0,255.0,1.0,202.23,112.13,93.09,135.82,26.71
0b7871_0,0b7871,4,CE,1120,1170,280,293,0.24536,255.0,255.0,255.0,0.9263,224.28,199.0,90.26,171.18,15.37
0b7871_1,0b7871,4,CE,1120,1467,280,367,0.2339,255.0,255.0,255.0,0.8915,226.04,197.98,79.57,167.86,15.45
0b7cc8_0,0b7cc8,4,CE,1120,1028,280,257,0.38405,255.0,255.0,255.0,1.0,211.3,190.41,142.61,181.44,16.51
0ba49d_0,0ba49d,11,CE,1120,3620,280,905,0.13028,255.0,255.0,255.0,1.0,139.57,163.65,185.57,162.93,24.36
0bd414_0,0bd414,3,LAA,1120,2675,280,669,0.21101,255.0,255.0,255.0,1.0,168.86,113.4,101.76,128.01,31.04
0bddf9_0,0bddf9,11,CE,1120,3788,280,947,0.07258,243.0,243.0,243.0,0.9837,183.66,114.16,95.86,131.23,18.86
0c60b8_0,0c60b8,1,CE,1120,1972,280,493,0.04941,255.0,255.0,255.0,0.9994,175.39,88.73,56.12,106.75,25.5
0cc0bc_0,0cc0bc,4,CE,1120,1519,280,380,0.19328,255.0,255.0,255.0,0.9999,190.95,114.41,138.74,148.03,24.33
0d4164_0,0d4164,11,CE,1120,1144,280,286,0.18678,255.0,255.0,255.0,0.9999,196.32,141.9,112.48,150.23,37.05
0d533f_0,0d533f,2,CE,1120,2244,280,561,0.07228,243.0,243.0,243.0,0.9543,196.21,118.56,92.26,135.68,19.96
0d718a_0,0d718a,11,CE,1120,4739,280,1185,0.04462,243.0,243.0,243.0,0.9279,182.16,143.0,140.14,155.1,11.46
0d93ce_0,0d93ce,11,CE,1120,2006,280,502,0.05684,243.0,243.0,243.0,0.9374,173.43,132.21,111.72,139.12,33.5
0df5f8_0,0df5f8,11,CE,1120,2155,280,539,0.06935,255.0,255.0,255.0,1.0,147.86,107.16,141.73,132.25,23.28
0e4dac_0,0e4dac,11,CE,1120,2142,280,536,0.12352,243.0,243.0,243.0,0.9945,197.17,153.47,123.49,158.04,22.48
0e696a_0,0e696a,5,CE,1120,2618,280,655,0.23368,255.0,250.0,255.0,0.9999,236.48,133.88,76.6,148.99,14.94
0e696a_1,0e696a,5,CE,1120,1606,280,402,0.05965,255.0,250.0,255.0,1.0,218.2,126.05,96.94,147.06,26.78
0ed87f_0,0ed87f,2,CE,1120,3412,280,853,0.06776,255.0,255.0,255.0,0.9999,191.75,105.3,101.11,132.72,28.4
0ed87f_1,0ed87f,2,CE,1120,2303,280,576,0.04745,255.0,255.0,255.0,0.9985,199.0,154.26,119.95,157.74,28.07
0ee750_0,0ee750,6,LAA,1120,2139,280,535,0.14967,255.0,255.0,255.0,0.9998,229.64,167.1,101.27,166.0,23.7
0ee750_1,0ee750,6,LAA,1120,2191,280,548,0.08681,255.0,255.0,255.0,1.0,209.98,128.74,70.37,136.36,21.68
0f2961_0,0f2961,11,LAA,1120,3848,280,962,0.15,255.0,255.0,255.0,1.0,179.76,123.63,79.67,127.69,24.76
0fcfe9_0,0fcfe9,6,LAA,1120,1040,280,260,0.16816,196.0,211.0,192.0,0.8795,202.63,172.09,123.93,166.21,10.48
0ff6fc_0,0ff6fc,5,CE,1120,2323,280,581,0.08755,255.0,255.0,255.0,1.0,192.37,121.05,132.33,148.58,15.53
0ff890_0,0ff890,7,CE,1120,4004,280,1001,0.01434,196.0,211.0,192.0,0.8328,197.63,171.56,212.3,193.83,15.58
112b6e_0,112b6e,11,CE,1120,1457,280,364,0.07518,234.0,216.0,254.0,0.655,194.35,108.0,117.35,139.9,23.55
112b6e_1,112b6e,11,CE,1120,2116,280,529,0.17672,255.0,255.0,255.0,0.9999,170.07,131.93,158.34,153.44,25.8
113bb3_0,113bb3,8,LAA,1120,6289,280,1572,0.01503,255.0,255.0,255.0,0.9998,204.94,114.57,129.16,149.56,37.17
129102_0,129102,4,CE,1120,1959,280,490,0.27195,255.0,255.0,255.0,0.9997,183.66,119.42,91.54,131.54,26.2
1295bb_0,1295bb,11,CE,1120,3660,280,915,0.18577,255.0,255.0,255.0,1.0,189.42,123.79,89.65,134.29,19.19
12c8c9_0,12c8c9,9,CE,1120,1874,280,469,0.09956,255.0,250.0,255.0,1.0,216.32,143.05,161.54,173.64,16.51
13f372_0,13f372,11,CE,1120,2925,280,731,0.13732,243.0,243.0,243.0,0.9879,189.29,137.28,118.08,148.22,22.82
140d1a_0,140d1a,6,CE,1120,8383,280,2096,0.17492,196.0,211.0,192.0,0.6073,205.36,178.11,116.94,166.8,9.04
14d2fa_0,14d2fa,11,CE,1120,2141,280,535,0.16363,255.0,255.0,255.0,0.999,214.57,144.9,108.54,156.0,22.57
15aab4_0,15aab4,4,CE,1120,1608,280,402,0.20767,255.0,255.0,255.0,0.9999,209.59,160.73,95.52,155.28,15.77
15de51_0,15de51,4,LAA,1120,935,280,234,0.12471,255.0,255.0,255.0,0.9889,228.5,188.79,95.91,171.07,30.74
162cad_0,162cad,11,LAA,1120,2601,280,650,0.0681,255.0,241.0,255.0,0.9993,194.8,108.08,145.43,149.44,20.88
1764ff_0,1764ff,4,CE,1120,1420,280,355,0.32224,255.0,255.0,255.0,0.9987,221.44,193.13,147.06,187.21,15.8
194e3f_0,194e3f,11,CE,1120,2819,280,705,0.10993,255.0,255.0,255.0,0.9999,146.75,86.69,63.83,99.09,20.8
19b036_0,19b036,9,CE,1120,2238,280,560,0.30651,255.0,255.0,255.0,1.0,189.43,104.42,104.27,132.71,17.8
19b036_1,19b036,9,CE,1120,3503,280,876,0.0803,234.0,216.0,254.0,0.9971,208.31,129.54,156.95,164.94,14.19
19dd95_0,19dd95,6,CE,1120,5350,280,1338,0.19375,255.0,255.0,255.0,1.0,201.6,125.54,64.29,130.47,18.87
1a2e9e_0,1a2e9e,11,CE,1120,1632,280,408,0.09872,255.0,255.0,255.0,0.9997,185.91,85.58,57.51,109.67,30.08
1b86c5_0,1b86c5,4,CE,1120,2816,280,704,0.19464,255.0,255.0,255.0,0.9999,178.52,112.76,61.13,117.47,16.87
1bbcba_0,1bbcba,10,CE,1120,3254,280,814,0.23327,255.0,250.0,255.0,0.9999,217.57,127.46,99.4,148.14,13.16
1d0518_0,1d0518,4,CE,1120,1217,280,304,0.14982,255.0,255.0,255.0,0.9998,221.42,200.32,197.22,206.32,12.91
1d1bf0_0,1d1bf0,11,CE,1120,2172,280,543,0.17638,234.0,216.0,254.0,0.9998,169.11,98.35,152.82,140.09,18.33
1d5335_0,1d5335,11,CE,1120,2456,280,614,0.04773,255.0,255.0,255.0,0.9999,202.42,168.43,175.0,181.95,18.77
1d6d4f_0,1d6d4f,11,CE,1120,2467,280,617,0.15704,255.0,255.0,255.0,1.0,163.24,109.74,114.09,129.03,21.86
1db82d_0,1db82d,4,LAA,1120,2231,280,558,0.13484,255.0,255.0,255.0,0.9976,239.78,224.22,202.48,222.16,7.09
1db82d_1,1db82d,4,LAA,1120,2684,280,671,0.09671,255.0,255.0,255.0,1.0,227.59,193.15,116.43,179.05,18.22
1ec69e_0,1ec69e,6,CE,1120,2880,280,720,0.08904,255.0,255.0,255.0,0.9999,190.56,121.56,97.8,136.64,29.36
1ef6da_0,1ef6da,7,CE,1120,2512,280,628,0.20516,255.0,255.0,255.0,0.9998,197.91,94.43,91.76,128.03,27.28
1f018f_0,1f018f,9,LAA,1120,4317,280,1079,0.08743,234.0,216.0,254.0,0.9999,169.04,85.92,82.41,112.46,24.78
1f9d4f_0,1f9d4f,10,CE,1120,2862,280,716,0.12762,255.0,250.0,255.0,0.9576,194.03,106.82,92.68,131.18,14.21
1f9d4f_1,1f9d4f,10,CE,1120,2562,280,641,0.13292,255.0,250.0,255.0,0.9992,225.84,110.83,88.1,141.59,17.81
1fe0c4_0,1fe0c4,1,CE,1120,2504,280,626,0.22609,255.0,250.0,255.0,1.0,213.89,147.69,107.03,156.2,25.05
1ffc5d_0,1ffc5d,11,LAA,1120,3421,280,855,0.07777,255.0,255.0,255.0,0.9998,203.22,150.33,60.53,138.03,18.8
205025_0,205025,11,CE,1120,1821,280,455,0.08873,243.0,243.0,243.0,0.951,177.6,114.66,106.35,132.87,24.6
20914b_0,20914b,11,CE,1120,1949,280,487,0.10557,243.0,243.0,243.0,0.9987,203.68,159.79,156.09,173.19,18.76
20d5cf_0,20d5cf,11,CE,1120,2532,280,633,0.10439,255.0,241.0,255.0,0.9987,221.57,158.17,120.16,166.64,33.03
214cfa_0,214cfa,7,CE,1120,1988,280,497,0.15132,234.0,216.0,254.0,0.9999,195.8,121.29,160.21,159.1,30.42
214cfa_1,214cfa,7,CE,1120,4159,280,1040,0.12503,234.0,216.0,254.0,0.982,199.59,131.7,87.47,139.59,9.49
21726e_0,21726e,5,CE,1120,1599,280,400,0.15696,255.0,241.0,255.0,0.9993,230.94,155.14,156.84,180.97,17.92
217b27_0,217b27,11,CE,1120,4123,280,1031,0.16063,255.0,255.0,255.0,1.0,218.74,151.27,92.67,154.22,17.58
21b106_0,21b106,11,CE,1120,2582,280,646,0.08396,255.0,255.0,255.0,1.0,206.67,137.66,61.28,135.2,14.07
2244d2_0,2244d2,11,CE,1120,1768,280,442,0.36601,255.0,255.0,255.0,1.0,168.27,100.79,68.29,112.45,25.01
2268cf_0,2268cf,11,CE,1120,3398,280,850,0.02124,255.0,241.0,255.0,0.9949,242.72,193.34,236.94,224.33,10.17
2394f6_0,2394f6,11,CE,1120,1078,280,270,0.123,255.0,255.0,255.0,1.0,163.15,107.45,119.39,130.0,39.0
23b492_0,23b492,7,LAA,1120,5843,280,1461,0.01381,255.0,255.0,255.0,1.0,232.22,167.11,188.31,195.88,25.94
23d2c1_0,23d2c1,7,CE,1120,3184,280,796,0.19258,255.0,241.0,255.0,0.9996,231.96,115.5,59.06,135.51,11.46
23d2c1_1,23d2c1,7,CE,1120,2700,280,675,0.09537,234.0,216.0,254.0,0.9328,208.13,132.62,91.17,143.98,24.14
23d2c1_2,23d2c1,7,CE,1120,2758,280,690,0.22316,255.0,255.0,255.0,1.0,212.29,126.93,67.58,135.6,14.32
2446b8_0,2446b8,11,CE,1120,1932,280,483,0.11159,255.0,255.0,255.0,1.0,198.0,135.14,71.07,134.74,19.27
244aeb_0,244aeb,4,LAA,1120,1758,280,440,0.20658,255.0,255.0,255.0,1.0,230.8,182.64,182.53,198.66,13.42
244aeb_1,244aeb,4,LAA,1120,924,280,231,0.24402,255.0,255.0,255.0,0.9996,224.85,182.18,197.52,201.52,12.13
244aeb_2,244aeb,4,LAA,1120,1473,280,368,0.23797,253.0,254.0,254.0,0.9819,196.62,182.5,213.21,197.44,12.79
245758_0,245758,11,LAA,1120,2289,280,572,0.08433,243.0,243.0,243.0,0.9555,192.25,126.91,107.17,142.11,15.2
24f8f5_0,24f8f5,1,CE,1120,1590,280,398,0.15103,255.0,255.0,255.0,1.0,184.98,101.3,51.59,112.62,12.25
250944_0,250944,4,CE,1120,1467,280,367,0.36143,255.0,255.0,255.0,0.9995,210.92,148.16,127.54,162.21,19.22
251bfc_0,251bfc,11,CE,1120,5175,280,1294,0.11191,255.0,255.0,255.0,1.0,185.37,106.54,61.07,117.66,18.98
251c77_0,251c77,11,CE,1120,1877,280,469,0.12167,234.0,216.0,254.0,0.9991,208.46,155.89,216.68,193.68,10.34
2745fc_0,2745fc,11,CE,1120,2304,280,576,0.12237,255.0,255.0,255.0,0.9998,199.23,92.14,78.23,123.2,26.37
27afc7_0,27afc7,4,CE,1120,1020,280,255,0.26311,255.0,255.0,255.0,0.9997,217.89,170.49,129.72,172.7,10.26
280c26_0,280c26,7,CE,1120,2623,280,656,0.00224,255.0,241.0,255.0,1.0,234.51,215.79,199.29,216.53,15.25
280c26_1,280c26,7,CE,1120,2958,280,740,0.06188,255.0,241.0,255.0,0.9999,231.78,203.95,222.1,219.28,8.76
282d0a_0,282d0a,11,CE,1120,3165,280,791,0.10682,255.0,255.0,255.0,0.9999,175.86,79.9,41.26,99.01,11.18
283f35_0,283f35,1,CE,1120,2550,280,638,0.1045,255.0,255.0,255.0,1.0,231.44,190.24,163.05,194.91,12.19
288156_0,288156,11,CE,1120,3431,280,858,0.14957,243.0,243.0,243.0,0.9775,184.29,138.13,132.15,151.52,25.85
291099_0,291099,9,CE,1120,2255,280,564,0.1296,255.0,232.0,250.0,0.7506,230.34,148.28,103.3,160.64,16.59
29a4f6_0,29a4f6,6,LAA,1120,2140,280,535,0.13133,255.0,241.0,255.0,0.9998,243.71,177.01,145.36,188.69,18.92
29b1b7_0,29b1b7,11,LAA,1120,1736,280,434,0.07651,234.0,216.0,254.0,1.0,167.71,80.27,68.11,105.36,31.27
2a25b9_0,2a25b9,2,LAA,1120,1875,280,469,0.03336,255.0,255.0,255.0,1.0,174.76,102.83,80.66,119.42,46.3
2a25cf_0,2a25cf,7,LAA,1120,2640,280,660,0.10502,234.0,216.0,254.0,0.9636,205.67,155.87,79.67,147.07,14.06
2b49d6_0,2b49d6,4,CE,1120,1035,280,259,0.12511,255.0,255.0,255.0,0.9999,225.49,198.39,211.54,211.81,14.23
2b7304_0,2b7304,3,LAA,1120,3837,280,959,0.12523,255.0,255.0,255.0,0.9994,226.03,154.77,139.45,173.41,19.58
2b7304_1,2b7304,3,LAA,1120,2050,280,513,0.10171,255.0,255.0,255.0,0.9994,219.88,148.19,155.87,174.65,24.74
2b7304_2,2b7304,3,LAA,1120,3219,280,805,0.08,255.0,255.0,255.0,0.9999,219.92,137.16,119.93,159.0,30.13
2bcdd9_0,2bcdd9,7,LAA,1120,2919,280,730,0.18721,255.0,241.0,255.0,0.9983,232.85,194.98,110.87,179.57,16.56
2bd8fe_0,2bd8fe,6,LAA,1120,2342,280,586,0.14299,255.0,241.0,255.0,0.9943,216.25,127.08,67.8,137.04,29.43
2c64b2_0,2c64b2,11,LAA,1120,2180,280,545,0.09222,255.0,255.0,255.0,1.0,189.95,122.08,107.11,139.71,35.83
2c8b18_0,2c8b18,2,CE,1120,3898,280,975,0.06918,255.0,255.0,255.0,1.0,195.85,120.64,136.43,150.97,23.32
2db520_0,2db520,7,CE,1100,2300,280,585,0.13587,255.0,255.0,255.0,0.963,186.14,122.94,83.0,130.69,22.39
2e3749_0,2e3749,7,CE,1120,1809,280,452,0.07773,255.0,241.0,255.0,0.9992,229.82,132.68,138.0,166.84,16.18
2e725a_0,2e725a,11,LAA,1120,2189,280,547,0.14089,255.0,255.0,255.0,1.0,214.36,172.72,152.43,179.84,17.27
2e7d16_0,2e7d16,11,CE,1120,1761,280,440,0.1959,255.0,255.0,255.0,0.9982,207.29,164.87,151.68,174.62,13.26
2e8763_0,2e8763,10,LAA,1120,2270,280,568,0.12789,255.0,241.0,255.0,1.0,238.87,189.91,121.35,183.38,16.58
2eb2d7_0,2eb2d7,11,CE,1120,2350,280,588,0.16642,255.0,255.0,255.0,1.0,187.64,126.89,102.79,139.11,28.04
2ecb46_0,2ecb46,4,CE,1120,1533,280,383,0.2806,255.0,255.0,255.0,0.9999,204.94,153.92,124.95,161.27,12.49
2f4974_0,2f4974,11,CE,1120,2677,280,669,0.07986,243.0,243.0,243.0,0.8722,171.73,130.81,135.02,145.85,25.11
2f73a2_0,2f73a2,11,CE,1120,1425,280,356,0.15569,255.0,255.0,255.0,0.9998,214.52,157.54,149.78,173.95,23.25
300145_0,300145,11,LAA,1120,1209,280,302,0.26606,255.0,255.0,255.0,0.9996,206.82,138.84,87.16,144.27,24.56
3020ef_0,3020ef,11,CE,1120,2535,280,634,0.12864,243.0,243.0,243.0,0.9621,186.55,143.99,135.98,155.51,21.87
313d30_0,313d30,1,LAA,1120,4121,280,1030,0.10409,255.0,241.0,255.0,0.9998,228.18,144.89,147.01,173.36,18.15
3152c0_0,3152c0,10,CE,1120,4717,280,1179,0.13959,234.0,216.0,254.0,1.0,218.03,179.7,150.06,182.6,16.39
31588e_0,31588e,7,CE,1120,3663,280,916,0.10751,234.0,216.0,254.0,0.9989,199.93,164.47,218.28,194.23,10.24
31adaa_0,31adaa,4,CE,1120,1509,280,377,0.25328,255.0,255.0,255.0,0.9926,226.31,203.85,99.57,176.58,18.43
31adaa_1,31adaa,4,CE,1120,1045,280,261,0.24693,255.0,255.0,255.0,0.9999,214.61,179.55,86.89,160.35,22.47
329006_0,329006,11,LAA,1120,4770,280,1193,0.1015,255.0,255.0,255.0,1.0,192.72,127.36,117.65,145.91,23.01
32e44f_0,32e44f,11,CE,1120,1957,280,489,0.22412,255.0,241.0,255.0,0.9987,230.8,170.11,201.11,200.67,14.15
33d071_0,33d071,11,CE,1120,5047,280,1262,0.20554,255.0,255.0,255.0,1.0,172.83,98.26,84.33,118.47,20.71
33d2a7_0,33d2a7,11,CE,1120,1925,280,481,0.16701,255.0,255.0,255.0,0.9998,165.42,80.23,47.93,97.86,15.0
33da32_0,33da32,7,CE,1120,4156,280,1039,0.17041,196.0,211.0,192.0,0.6759,199.5,161.94,194.55,185.33,17.68
34a278_0,34a278,4,LAA,1120,1867,280,467,0.34128,255.0,255.0,255.0,0.9999,172.62,103.17,139.66,138.48,13.85
34c9bc_0,34c9bc,10,CE,1120,1594,280,399,0.15845,255.0,241.0,255.0,0.9978,208.05,100.2,109.55,139.27,18.76
354f74_0,354f74,11,LAA,1120,2227,280,557,0.09695,243.0,243.0,243.0,0.9592,188.71,139.5,141.53,156.58,21.56
355354_0,355354,4,CE,1120,1098,280,275,0.30165,255.0,255.0,255.0,0.9999,221.98,176.95,155.96,184.96,15.1
355354_1,355354,4,CE,1120,1234,280,309,0.28539,255.0,255.0,255.0,0.9999,227.32,189.36,181.68,199.45,12.58
35b75a_0,35b75a,10,LAA,1120,4089,280,1022,0.23481,255.0,241.0,255.0,1.0,237.69,173.58,82.21,164.49,10.2
366fd0_0,366fd0,3,CE,1120,1714,280,429,0.15611,255.0,255.0,255.0,0.9994,216.55,161.49,92.0,156.68,19.11
369366_0,369366,3,CE,1120,1903,280,476,0.03476,255.0,241.0,255.0,0.9998,234.05,172.05,190.37,198.83,18.4
36a149_0,36a149,11,CE,1120,1409,280,352,0.03367,243.0,243.0,243.0,0.996,190.13,109.11,96.26,131.83,38.75
37258c_0,37258c,1,CE,1120,1792,280,448,0.11435,255.0,255.0,255.0,0.9998,226.34,179.02,153.92,186.43,30.07
376cf6_0,376cf6,11,CE,1120,3660,280,915,0.11305,255.0,255.0,255.0,1.0,194.64,146.58,80.69,140.64,16.42
379f1c_0,379f1c,7,CE,1120,5044,280,1261,0.18809,234.0,216.0,254.0,0.9986,211.64,161.06,146.48,173.06,11.54
383f05_0,383f05,11,CE,1120,2114,280,529,0.19479,255.0,255.0,255.0,1.0,192.73,90.49,59.0,114.07,15.25
384052_0,384052,5,LAA,1120,3438,280,860,0.12895,255.0,241.0,255.0,0.9999,236.77,141.64,97.85,158.75,16.38
392b24_0,392b24,1,CE,1120,1391,280,348,0.06851,255.0,255.0,255.0,0.9999,227.07,180.26,166.83,191.39,19.92
395ea0_0,395ea0,11,CE,1120,2897,280,724,0.1141,255.0,241.0,255.0,0.9993,220.52,158.32,176.66,185.16,12.28
3982bf_0,3982bf,11,LAA,1120,2751,280,688,0.11678,243.0,243.0,243.0,0.9832,185.88,132.16,112.18,143.41,15.45
3a230b_0,3a230b,11,CE,1120,2829,280,707,0.08951,255.0,241.0,255.0,0.9996,230.9,138.72,140.98,170.2,23.27
3ab087_0,3ab087,6,CE,1120,2992,280,748,0.11877,255.0,255.0,255.0,1.0,214.96,127.21,100.11,147.43,18.84
3ad0bb_0,3ad0bb,4,CE,1120,4219,280,1055,0.06389,255.0,255.0,255.0,0.9998,223.45,190.31,174.53,196.1,11.84
3b2c59_0,3b2c59,11,CE,1120,2971,280,743,0.12807,255.0,241.0,255.0,0.9995,216.66,124.5,158.18,166.45,20.77
3b7d81_0,3b7d81,7,CE,1100,1950,280,496,0.11809,255.0,255.0,255.0,0.9801,204.82,149.56,129.47,161.28,26.21
3bc9c9_0,3bc9c9,3,CE,1120,2354,280,589,0.08469,255.0,241.0,255.0,0.9996,236.56,146.83,99.35,160.91,21.99
3bfe64_0,3bfe64,11,CE,1120,3424,280,856,0.04277,255.0,241.0,255.0,0.9998,237.26,159.82,164.71,187.26,16.46
3c2c23_0,3c2c23,11,CE,1100,2100,280,535,0.20117,255.0,255.0,255.0,0.9901,169.13,113.06,120.62,134.27,37.79
3cbdf3_0,3cbdf3,11,CE,1120,7167,280,1792,0.04952,243.0,243.0,243.0,0.9475,191.06,175.81,182.88,183.25,16.03
3d10be_0,3d10be,4,CE,1120,1215,280,304,0.16262,255.0,255.0,255.0,0.9999,230.59,225.51,159.7,205.27,18.66
3d10be_1,3d10be,4,CE,1120,1872,280,468,0.1167,255.0,255.0,255.0,1.0,208.48,172.95,107.81,163.08,37.79
3d10be_2,3d10be,4,CE,1120,1430,280,358,0.05122,255.0,255.0,255.0,0.9999,229.04,217.72,191.17,212.64,18.4
3d10be_3,3d10be,4,CE,1120,1785,280,446,0.17976,255.0,255.0,255.0,0.9998,227.92,212.93,97.03,179.29,21.5
3d10be_4,3d10be,4,CE,1120,1458,280,365,0.1212,255.0,255.0,255.0,0.9985,225.99,219.3,163.09,202.79,19.83
3d80c7_0,3d80c7,11,LAA,1120,2154,280,539,0.08754,255.0,255.0,255.0,0.9999,193.62,135.23,63.37,130.74,16.97
3ee426_0,3ee426,1,LAA,1120,3090,280,773,0.08935,255.0,255.0,255.0,1.0,163.37,78.59,49.58,97.18,14.3
3fe88b_0,3fe88b,11,CE,1120,1964,280,491,0.15921,255.0,241.0,255.0,0.9972,236.08,140.95,211.32,196.12,11.26
3fe8a3_0,3fe8a3,7,CE,1120,4815,280,1204,0.20135,196.0,211.0,192.0,0.8191,195.79,128.04,162.29,162.04,11.94
4094c4_0,4094c4,1,CE,1120,2691,280,673,0.17902,201.0,205.0,254.0,0.9598,201.77,149.68,106.69,152.71,21.51
4188be_0,4188be,5,CE,1120,2875,280,719,0.11869,234.0,216.0,254.0,1.0,206.44,126.09,124.17,152.23,20.88
41b23c_0,41b23c,3,LAA,1120,1814,280,454,0.07697,234.0,216.0,254.0,0.9979,211.72,111.29,129.93,150.98,33.47
41b4ea_0,41b4ea,7,LAA,1120,2601,280,650,0.13151,196.0,211.0,192.0,0.7337,202.1,156.54,178.28,178.97,12.5
41b4ea_1,41b4ea,7,LAA,1120,3724,280,931,0.07827,196.0,211.0,192.0,0.8234,199.76,178.23,213.73,197.24,12.41
41db5b_0,41db5b,6,LAA,1120,2379,280,595,0.27708,196.0,211.0,192.0,0.8656,202.23,146.78,157.7,168.9,10.54
424c9d_0,424c9d,6,LAA,1120,3289,280,822,0.1561,255.0,255.0,255.0,0.9996,216.38,148.15,63.72,142.75,18.1
42529f_0,42529f,11,CE,1120,2408,280,602,0.13369,234.0,216.0,254.0,1.0,176.18,124.65,136.65,145.82,18.13
437435_0,437435,7,CE,1120,2612,280,653,0.0714,196.0,211.0,192.0,0.8275,201.93,164.23,132.02,166.06,10.13
437435_1,437435,7,CE,1120,1758,280,440,0.20162,196.0,211.0,192.0,0.8207,200.05,165.25,183.84,183.05,15.26
43c62b_0,43c62b,7,CE,1120,3368,280,842,0.06907,255.0,255.0,255.0,0.9999,210.49,114.24,74.38,133.03,27.75
43eacb_0,43eacb,11,CE,1120,2531,280,633,0.20875,255.0,241.0,255.0,0.9964,241.11,180.05,194.64,205.27,8.25
4550fb_0,4550fb,11,CE,1120,1453,280,363,0.10287,234.0,216.0,254.0,1.0,201.55,135.35,158.95,165.28,21.82
45a0e5_0,45a0e5,7,CE,1120,2146,280,537,0.1513,255.0,241.0,255.0,0.9999,220.11,180.71,211.73,204.18,16.25
45a0e5_1,45a0e5,7,CE,1120,2146,280,537,0.03033,255.0,241.0,255.0,0.9989,234.98,190.58,206.75,210.77,19.45
45c6ce_0,45c6ce,11,CE,1120,2969,280,742,0.20426,255.0,255.0,255.0,1.0,202.41,159.06,157.42,172.96,17.05
45e3e0_0,45e3e0,11,CE,1120,2156,280,539,0.07524,255.0,255.0,255.0,0.9999,209.25,133.94,127.76,156.98,21.57
464289_0,464289,4,CE,1120,1400,280,350,0.28376,255.0,255.0,255.0,0.9999,221.31,177.63,98.18,165.7,14.77
4647d7_0,4647d7,1,CE,1120,2687,280,672,0.12336,255.0,255.0,255.0,1.0,219.48,132.42,145.41,165.77,14.69
4667f6_0,4667f6,11,CE,1120,1588,280,397,0.06192,234.0,216.0,254.0,0.9993,193.18,110.38,93.49,132.35,29.46
46def4_0,46def4,3,CE,1120,4524,280,1131,0.15276,234.0,216.0,254.0,0.9997,216.47,109.99,142.94,156.47,17.27
46e479_0,46e479,11,CE,1120,1760,280,440,0.10782,255.0,255.0,255.0,0.9998,197.13,129.28,102.92,143.11,29.49
4763a7_0,4763a7,11,CE,1120,3651,280,913,0.13904,255.0,255.0,255.0,1.0,211.69,143.47,161.43,172.2,15.41
481ba8_0,481ba8,5,LAA,1120,1873,280,468,0.18504,255.0,250.0,255.0,1.0,220.96,118.31,53.66,130.98,12.51
488cd4_0,488cd4,11,CE,1120,2353,280,588,0.09469,255.0,255.0,255.0,1.0,187.06,100.18,80.96,122.73,29.64
48af1a_0,48af1a,7,CE,1120,3784,280,946,0.23552,196.0,211.0,192.0,0.8548,206.64,195.71,142.78,181.71,12.31
4919a7_0,4919a7,7,LAA,1120,3188,280,797,0.14685,234.0,216.0,254.0,0.9956,218.72,168.05,88.2,158.32,17.26
4929cd_0,4929cd,4,CE,1120,1277,280,319,0.21769,255.0,255.0,255.0,1.0,221.97,169.22,165.02,185.4,15.74
497c27_0,497c27,11,LAA,1120,4240,280,1060,0.19151,255.0,255.0,255.0,0.9999,187.42,130.4,97.18,138.33,18.32
49ea39_0,49ea39,7,CE,1120,1880,280,470,0.04027,255.0,255.0,255.0,0.9999,206.97,143.3,106.13,152.13,43.28
4a1152_0,4a1152,4,CE,1120,1261,280,315,0.29007,255.0,255.0,255.0,0.9826,223.42,207.5,159.43,196.79,13.81
4a4043_0,4a4043,1,CE,1120,1997,280,499,0.16767,255.0,255.0,255.0,0.9958,167.33,81.27,47.19,98.6,17.07
4b8777_0,4b8777,6,CE,1120,2257,280,564,0.12478,255.0,255.0,255.0,1.0,220.57,155.26,75.61,150.48,21.15
4bfb94_0,4bfb94,11,CE,1120,2924,280,731,0.08445,255.0,241.0,255.0,0.9995,233.84,144.55,128.85,169.08,21.83
4c284f_0,4c284f,6,CE,1120,2762,280,691,0.22566,196.0,211.0,192.0,0.8902,197.84,162.25,137.4,165.83,13.65
4d15a9_0,4d15a9,3,CE,1120,3134,280,784,0.15192,255.0,255.0,255.0,1.0,143.72,76.97,65.75,95.48,17.35
4ded24_0,4ded24,8,CE,1120,5090,280,1273,0.00301,255.0,255.0,255.0,1.0,232.94,171.42,200.79,201.72,18.13
4dfe1e_0,4dfe1e,6,LAA,1120,2484,280,621,0.14591,196.0,211.0,192.0,0.8152,202.65,192.06,147.15,180.62,10.66
4e30e9_0,4e30e9,4,CE,1120,1706,280,427,0.2013,255.0,255.0,255.0,1.0,196.55,130.08,96.41,141.01,17.31
4f49c1_0,4f49c1,4,CE,1120,1209,280,302,0.16864,255.0,255.0,255.0,0.9994,220.8,154.78,68.19,147.92,18.33
4f6fb1_0,4f6fb1,10,CE,1120,2350,280,588,0.1305,254.0,240.0,255.0,0.8408,234.8,138.5,72.55,148.62,20.99
4f6fb1_1,4f6fb1,10,CE,1120,3201,280,800,0.08466,254.0,240.0,255.0,0.654,237.99,141.6,125.52,168.37,16.37
4f6fb1_2,4f6fb1,10,CE,1120,3229,280,807,0.20078,254.0,240.0,255.0,0.8244,239.97,142.11,91.92,158.0,15.84
4f6fb1_3,4f6fb1,10,CE,1120,3579,280,895,0.17361,254.0,240.0,255.0,0.7096,231.55,131.15,70.1,144.27,9.39
4f7d1c_0,4f7d1c,11,CE,1120,2433,280,608,0.10372,255.0,241.0,255.0,0.9969,213.74,111.35,122.58,149.23,23.49
4f9678_0,4f9678,6,LAA,1120,2590,280,648,0.13472,255.0,241.0,255.0,1.0,230.17,158.72,111.73,166.87,28.81
4f9ac6_0,4f9ac6,1,CE,1120,5669,280,1417,0.12046,196.0,211.0,192.0,0.653,210.66,185.07,69.21,154.98,8.08
507ac9_0,507ac9,7,CE,1120,1995,280,499,0.25334,234.0,216.0,254.0,0.9999,215.19,162.14,118.92,165.42,17.88
508589_0,508589,11,LAA,1120,1787,280,447,0.07353,255.0,255.0,255.0,1.0,177.47,93.56,79.74,116.92,36.1
509042_0,509042,1,CE,1120,2536,280,634,0.07786,255.0,241.0,255.0,0.9858,206.82,145.22,89.75,147.27,23.24
50ba15_0,50ba15,6,LAA,1120,2789,280,697,0.11753,196.0,211.0,192.0,0.8917,201.6,172.26,164.04,179.3,13.43
510d2e_0,510d2e,11,CE,1120,1594,280,399,0.04093,255.0,255.0,255.0,1.0,185.29,199.52,230.27,205.03,18.43
512856_0,512856,11,CE,1120,1977,280,494,0.11168,255.0,255.0,255.0,1.0,201.11,141.38,143.55,162.01,30.98
516e18_0,516e18,10,CE,1120,2021,280,505,0.15376,255.0,250.0,255.0,1.0,223.58,123.64,99.27,148.83,15.95
516e18_1,516e18,10,CE,1120,3275,280,819,0.09745,255.0,250.0,255.0,0.9999,215.71,135.6,140.44,163.91,20.19
526dba_0,526dba,8,CE,1120,4395,280,1099,0.10969,255.0,241.0,255.0,0.993,223.78,131.01,119.87,158.22,22.08
52bc2d_0,52bc2d,11,CE,1120,1748,280,437,0.09625,255.0,255.0,255.0,0.9999,172.76,182.66,223.53,192.98,21.84
52d106_0,52d106,11,CE,1120,1641,280,410,0.10618,255.0,255.0,255.0,0.9996,174.4,128.81,127.03,143.41,20.84
533081_0,533081,3,CE,1120,1906,280,477,0.02355,255.0,255.0,255.0,1.0,222.79,146.65,145.33,171.59,35.62
533081_1,533081,3,CE,1120,1765,280,441,0.15859,255.0,255.0,255.0,0.9999,218.69,172.43,115.93,169.02,32.15
533081_2,533081,3,CE,1120,2127,280,532,0.07078,255.0,255.0,255.0,0.9999,208.77,138.87,110.86,152.83,28.86
533a49_0,533a49,1,CE,1120,2733,280,683,0.1409,255.0,255.0,255.0,1.0,175.49,83.87,87.22,115.52,25.74
53845a_0,53845a,5,LAA,1120,2381,280,595,0.18664,255.0,250.0,255.0,0.9999,224.91,130.64,90.34,148.63,33.58
53845a_1,53845a,5,LAA,1120,2352,280,588,0.20476,255.0,250.0,255.0,1.0,227.49,121.13,75.66,141.42,19.07
53e0d7_0,53e0d7,10,LAA,1120,2148,280,537,0.12182,255.0,250.0,255.0,1.0,221.01,114.7,112.38,149.37,22.63
540410_0,540410,4,CE,1120,1635,280,409,0.16629,255.0,255.0,255.0,0.9999,150.78,60.41,41.62,84.27,13.29
5415fe_0,5415fe,11,CE,1120,2989,280,747,0.07087,234.0,216.0,254.0,1.0,195.62,128.54,169.89,164.68,21.11
547474_0,547474,3,CE,1120,2614,280,654,0.08411,243.0,243.0,243.0,0.9814,186.1,127.8,99.24,137.71,15.24
54838a_0,54838a,11,LAA,1120,3764,280,941,0.19312,255.0,255.0,255.0,1.0,188.46,140.6,73.59,134.22,18.42
54ddc7_0,54ddc7,11,CE,1120,2572,280,643,0.18355,255.0,255.0,255.0,1.0,200.7,148.18,108.0,152.29,22.4
557c4b_0,557c4b,10,CE,1120,3777,280,944,0.1124,255.0,250.0,255.0,1.0,209.86,106.57,105.75,140.73,16.76
55809c_0,55809c,10,CE,1120,2749,280,687,0.26289,255.0,250.0,255.0,1.0,216.15,121.44,105.21,147.6,12.85
5588f9_0,5588f9,1,LAA,1120,1029,280,257,0.07665,255.0,255.0,255.0,0.9999,223.43,164.71,64.47,150.87,20.12
5619c3_0,5619c3,11,CE,1120,3299,280,825,0.04826,255.0,255.0,255.0,1.0,224.96,205.31,196.86,209.04,15.56
5671c1_0,5671c1,1,CE,1120,1266,280,317,0.15683,255.0,255.0,255.0,1.0,220.95,164.27,69.65,151.63,16.21
56d177_0,56d177,7,CE,1120,1618,280,405,0.01483,234.0,216.0,254.0,1.0,204.11,145.7,188.72,179.51,24.93
56d177_1,56d177,7,CE,1120,2318,280,580,0.05222,234.0,216.0,254.0,1.0,195.79,142.62,153.35,163.92,26.55
56d177_2,56d177,7,CE,1120,1604,280,401,0.03273,234.0,216.0,254.0,0.9996,188.87,149.32,215.07,184.42,18.73
56d177_3,56d177,7,CE,1120,5848,280,1462,0.02073,234.0,216.0,254.0,0.9999,211.3,137.66,188.77,179.24,21.51
56d177_4,56d177,7,CE,1120,2040,280,510,0.01989,234.0,216.0,254.0,0.9998,217.19,155.86,205.15,192.73,18.89
579988_0,579988,9,CE,1120,1982,280,496,0.1148,234.0,216.0,254.0,1.0,177.45,87.84,55.49,106.93,11.37
588e11_0,588e11,10,CE,1120,2155,280,539,0.1104,234.0,216.0,254.0,0.9998,220.39,178.97,139.33,179.56,16.8
59441e_0,59441e,4,CE,1120,1500,280,375,0.19378,255.0,255.0,255.0,0.9998,215.15,170.81,97.44,161.13,12.82
5987c0_0,5987c0,2,CE,1120,2192,280,548,0.04162,255.0,255.0,255.0,0.9999,211.6,113.57,57.59,127.59,28.94
5987c0_1,5987c0,2,CE,1120,2408,280,602,0.07403,255.0,255.0,255.0,1.0,223.73,158.4,79.75,153.96,22.04
5987c0_2,5987c0,2,CE,1120,1779,280,445,0.10739,255.0,255.0,255.0,0.9998,212.43,122.88,95.84,143.72,25.13
5987c0_3,5987c0,2,CE,1120,1611,280,403,0.04566,255.0,255.0,255.0,0.9999,208.92,121.45,82.58,137.65,25.54
599e16_0,599e16,7,CE,1120,2250,280,563,0.1571,255.0,255.0,255.0,1.0,204.19,143.84,111.09,153.04,28.56
5adc4c_0,5adc4c,11,LAA,1120,1921,280,480,0.09658,255.0,255.0,255.0,1.0,174.76,114.19,63.36,117.44,33.74
5ae30a_0,5ae30a,3,LAA,1120,3293,280,823,0.08979,243.0,243.0,243.0,0.9925,198.36,117.76,105.19,140.44,11.92
5aec9b_0,5aec9b,11,CE,1120,2166,280,542,0.09625,243.0,243.0,243.0,0.9703,182.1,126.64,123.22,143.99,23.39
5bfaf8_0,5bfaf8,11,CE,1120,2520,280,630,0.06779,243.0,243.0,243.0,0.965,181.13,120.13,113.97,138.41,26.27
5c30ec_0,5c30ec,11,LAA,1120,2117,280,529,0.0811,255.0,255.0,255.0,1.0,195.37,145.93,117.38,152.9,36.52
5c92f8_0,5c92f8,2,CE,1120,1440,280,360,0.08296,255.0,255.0,255.0,0.9998,218.41,126.6,90.12,145.04,22.43
5cae18_0,5cae18,4,CE,1120,1028,280,257,0.33125,254.0,255.0,255.0,0.9919,194.32,179.76,210.15,194.74,12.77
5cae18_1,5cae18,4,CE,1120,1559,280,390,0.2566,255.0,255.0,255.0,0.9997,197.68,133.89,165.85,165.81,17.63
5d3738_0,5d3738,11,CE,1120,2572,280,643,0.10637,255.0,241.0,255.0,0.9921,240.56,178.73,202.63,207.31,12.33
5d4b88_0,5d4b88,2,CE,1120,3912,280,978,0.03636,255.0,255.0,255.0,0.9999,205.74,107.79,114.29,142.61,18.69
5d4b88_1,5d4b88,2,CE,1120,2444,280,611,0.05113,255.0,255.0,255.0,1.0,213.77,98.01,96.6,136.13,15.94
5d819a_0,5d819a,7,CE,1120,2084,280,521,0.13445,255.0,255.0,255.0,1.0,179.04,123.76,125.41,142.74,36.0
5d819a_1,5d819a,7,CE,1120,2145,280,536,0.06153,255.0,255.0,255.0,1.0,171.2,114.59,123.82,136.54,22.83
5f0b6f_0,5f0b6f,6,CE,1120,2426,280,607,0.05894,255.0,255.0,255.0,0.9997,216.08,154.36,127.01,165.82,29.59
5f3f01_0,5f3f01,7,CE,1120,3956,280,989,0.1017,255.0,255.0,255.0,0.9999,196.87,104.4,101.7,134.32,29.28
5f4bd3_0,5f4bd3,4,CE,1120,3305,280,826,0.14258,255.0,255.0,255.0,1.0,204.15,147.31,79.15,143.54,17.76
5f520a_0,5f520a,4,CE,1120,1098,280,275,0.26874,255.0,255.0,255.0,0.9997,203.72,114.28,87.64,135.22,15.62
5f520a_1,5f520a,4,CE,1120,1055,280,264,0.26538,254.0,254.0,254.0,0.9893,210.99,187.75,209.4,202.71,11.52
5f5dc0_0,5f5dc0,4,CE,1120,1446,280,362,0.26762,255.0,255.0,255.0,1.0,211.68,179.97,179.35,190.33,10.8
5fde88_0,5fde88,11,LAA,1120,5151,280,1288,0.09039,234.0,216.0,254.0,0.9798,160.3,134.81,205.35,166.82,20.23
5fdff2_0,5fdff2,3,LAA,1120,2396,280,599,0.05932,255.0,255.0,255.0,0.9999,215.54,104.97,89.49,136.67,17.86
6015f7_0,6015f7,3,LAA,1120,1914,280,479,0.16381,255.0,255.0,255.0,0.9999,221.57,133.85,130.64,162.02,23.83
60a950_0,60a950,7,CE,1120,2388,280,597,0.12974,255.0,255.0,255.0,0.9999,177.07,102.51,67.96,115.85,29.83
611a50_0,611a50,11,LAA,1120,3004,280,751,0.10874,255.0,255.0,255.0,1.0,155.57,95.13,72.56,107.75,31.14
615d87_0,615d87,4,CE,1120,1204,280,301,0.12858,255.0,255.0,255.0,0.9999,219.26,175.82,103.95,166.34,14.64
616c62_0,616c62,2,CE,1120,2676,280,669,0.08054,255.0,255.0,255.0,1.0,226.06,157.84,94.76,159.55,32.3
616c62_1,616c62,2,CE,1120,2125,280,531,0.17203,255.0,255.0,255.0,0.9987,223.89,153.52,67.41,148.27,20.16
623f89_0,623f89,11,CE,1120,4360,280,1090,0.08697,243.0,243.0,243.0,0.8499,167.25,98.2,90.0,118.48,34.19
62dd90_0,62dd90,9,CE,1120,5418,280,1355,0.12593,234.0,216.0,254.0,0.9975,211.01,153.63,202.48,189.04,11.54
634e2f_0,634e2f,11,CE,1120,2763,280,691,0.1119,243.0,243.0,243.0,0.96,191.83,131.91,120.23,147.99,14.64
63f341_0,63f341,11,CE,1120,2756,280,689,0.23525,255.0,255.0,255.0,0.9996,213.85,158.5,103.31,158.55,19.95
64d167_0,64d167,4,CE,1120,1657,280,414,0.28167,255.0,255.0,255.0,0.9998,218.58,166.55,101.05,162.06,15.68
652471_0,652471,6,CE,1120,2416,280,604,0.13527,196.0,211.0,192.0,0.7788,197.71,163.01,158.54,173.09,12.01
6569ba_0,6569ba,11,LAA,1120,1034,280,259,0.08352,255.0,255.0,255.0,0.9998,176.76,116.0,60.52,117.76,16.16
658beb_0,658beb,4,CE,1120,1372,280,343,0.06465,255.0,255.0,255.0,0.9998,226.83,181.17,157.77,188.59,33.42
658beb_1,658beb,4,CE,1120,1026,280,257,0.11234,255.0,255.0,255.0,1.0,223.62,180.73,154.82,186.39,29.16
65aadd_0,65aadd,11,CE,1120,1878,280,470,0.1763,255.0,255.0,255.0,1.0,190.29,127.13,54.53,123.98,16.62
65d1b4_0,65d1b4,11,CE,1120,2663,280,666,0.14132,255.0,255.0,255.0,1.0,212.79,159.63,140.98,171.13,23.71
65fe16_0,65fe16,7,LAA,1120,1555,280,389,0.0214,196.0,211.0,192.0,0.7597,200.79,190.7,229.4,206.96,9.88
6670b9_0,6670b9,11,LAA,1120,3772,280,943,0.05164,243.0,243.0,243.0,0.9637,182.86,122.51,116.42,140.6,26.09
6674a4_0,6674a4,11,LAA,1120,2746,280,687,0.11923,255.0,255.0,255.0,0.9998,186.36,125.66,79.34,130.45,34.79
673181_0,673181,5,CE,1120,2113,280,528,0.06349,255.0,255.0,255.0,0.9997,193.56,112.43,109.66,138.55,30.65
6747be_0,6747be,5,CE,1120,2020,280,505,0.06482,255.0,255.0,255.0,1.0,210.46,147.9,170.95,176.43,25.05
6747be_1,6747be,5,CE,1120,2384,280,596,0.13143,255.0,250.0,255.0,1.0,213.33,141.95,193.98,183.08,14.32
68eb0e_0,68eb0e,7,CE,1120,3474,280,869,0.17255,234.0,216.0,254.0,0.9991,205.4,173.34,230.59,203.11,9.51
690b81_0,690b81,11,CE,1120,2044,280,511,0.20878,255.0,255.0,255.0,0.9998,192.15,95.62,85.62,124.46,22.66
69450f_0,69450f,4,CE,1120,1876,280,469,0.07481,255.0,255.0,255.0,1.0,216.82,140.41,49.51,135.58,12.5
69d655_0,69d655,7,LAA,1120,2828,280,707,0.08438,255.0,241.0,255.0,1.0,236.2,138.18,86.1,153.49,14.32
6baf51_0,6baf51,11,LAA,1100,2350,280,598,0.21843,220.0,201.0,255.0,0.8215,147.28,131.27,122.5,133.69,26.09
6baf51_1,6baf51,11,LAA,1120,935,280,234,0.30656,220.0,201.0,255.0,0.7874,144.3,132.64,108.86,128.6,15.89
6c4b62_0,6c4b62,3,LAA,1120,3540,280,885,0.09116,255.0,255.0,255.0,0.9998,212.29,158.02,83.37,151.23,17.03
6ce894_0,6ce894,11,CE,1120,3330,280,833,0.07878,255.0,241.0,255.0,0.9993,236.08,156.0,196.48,196.19,20.29
6e08cb_0,6e08cb,4,LAA,1120,1186,280,297,0.09333,255.0,255.0,255.0,0.9998,225.34,193.96,123.35,180.88,39.16
6e211d_0,6e211d,1,CE,1120,2675,280,669,0.10544,255.0,255.0,255.0,0.9986,217.51,201.52,223.14,214.05,9.94
6e6d49_0,6e6d49,5,CE,1120,4040,280,1010,0.12934,255.0,250.0,255.0,1.0,224.12,165.37,100.97,163.49,20.94
6f6e0c_0,6f6e0c,4,LAA,1120,1045,280,261,0.15469,255.0,255.0,255.0,0.9998,200.13,165.27,124.89,163.43,29.61
6f9575_0,6f9575,11,CE,1120,2542,280,636,0.04009,255.0,255.0,255.0,1.0,202.39,140.58,152.36,165.11,19.84
6fac27_0,6fac27,4,LAA,1120,3953,280,988,0.14645,255.0,255.0,255.0,1.0,218.65,178.59,163.63,186.96,15.19
6fce60_0,6fce60,11,LAA,1120,2211,280,553,0.16483,243.0,243.0,243.0,0.9837,207.22,169.48,162.37,179.69,16.29
6fe1f2_0,6fe1f2,7,CE,1120,2705,280,676,0.07558,255.0,255.0,255.0,0.9999,172.43,103.77,71.55,115.91,24.85
709b79_0,709b79,11,CE,1120,1665,280,416,0.08814,234.0,216.0,254.0,0.9996,195.8,148.28,214.57,186.22,12.26
70c523_0,70c523,7,LAA,1120,935,280,234,0.25377,196.0,211.0,192.0,0.5351,200.32,157.15,171.21,176.23,21.96
70c523_1,70c523,7,LAA,1120,4376,280,1094,0.04734,196.0,211.0,192.0,0.6357,196.19,163.86,170.61,176.89,21.2
70c523_2,70c523,7,LAA,1120,1796,280,449,0.1408,196.0,211.0,192.0,0.8952,201.86,186.64,224.0,204.17,14.79
70f515_0,70f515,11,CE,1120,963,280,241,0.30476,234.0,216.0,254.0,0.976,190.12,134.9,106.88,143.97,25.91
719165_0,719165,11,CE,1120,2469,280,617,0.19238,234.0,216.0,254.0,0.9997,173.86,119.41,139.68,144.31,13.59
72df9e_0,72df9e,5,CE,1120,2904,280,726,0.16837,255.0,255.0,255.0,1.0,200.66,120.89,98.32,139.96,14.57
72df9e_1,72df9e,5,CE,1120,2015,280,504,0.07443,234.0,216.0,254.0,1.0,214.49,139.29,115.25,156.34,18.56
72ead5_0,72ead5,3,LAA,1120,2193,280,548,0.19292,255.0,255.0,255.0,1.0,204.31,140.71,112.21,152.41,17.55
73c9a4_0,73c9a4,4,LAA,1120,5111,280,1278,0.17308,255.0,255.0,255.0,1.0,189.73,116.4,100.23,135.45,22.49
7428fc_0,7428fc,11,CE,1120,1687,280,422,0.07607,234.0,216.0,254.0,0.9996,176.19,91.33,136.6,134.71,29.21
75e090_0,75e090,4,CE,1120,1444,280,361,0.23157,255.0,255.0,255.0,1.0,218.3,183.21,131.66,177.72,17.36
75ee44_0,75ee44,1,LAA,1120,2531,280,633,0.12621,255.0,250.0,255.0,0.998,226.59,126.28,76.31,143.06,20.01
7633ea_0,7633ea,11,CE,1120,5245,280,1311,0.01226,255.0,241.0,255.0,0.999,241.25,175.62,215.89,210.92,13.09
777311_0,777311,5,CE,1120,2311,280,578,0.20585,255.0,250.0,255.0,0.9993,227.52,148.01,118.22,164.58,16.29
777311_1,777311,5,CE,1120,3195,280,799,0.12185,255.0,250.0,255.0,1.0,195.37,117.5,111.42,141.43,17.26
78c1c9_0,78c1c9,4,CE,1120,1499,280,375,0.1815,255.0,255.0,255.0,1.0,182.0,99.32,67.6,116.31,21.09
79753f_0,79753f,4,CE,1120,982,280,246,0.18394,255.0,255.0,255.0,0.9999,227.8,212.91,136.79,192.5,16.83
79ae8d_0,79ae8d,4,CE,1120,1709,280,427,0.26093,255.0,255.0,255.0,0.9973,214.96,196.98,191.98,201.3,10.06
79ae8d_1,79ae8d,4,CE,1120,1575,280,394,0.2574,255.0,255.0,255.0,0.9999,214.19,175.64,117.15,168.99,13.48
79d1c1_0,79d1c1,10,CE,1120,5376,280,1344,0.10371,255.0,250.0,255.0,1.0,227.0,128.69,96.52,150.74,13.74
79d1c1_1,79d1c1,10,CE,1120,3506,280,877,0.06067,255.0,250.0,255.0,0.9998,231.0,95.31,60.03,128.78,14.28
79d52a_0,79d52a,11,LAA,1120,1676,280,419,0.08764,255.0,255.0,255.0,1.0,207.96,142.89,118.74,156.53,21.04
79d52a_1,79d52a,11,LAA,1120,5825,280,1456,0.05501,243.0,243.0,243.0,0.7708,184.47,143.55,142.06,156.69,19.31
79e30d_0,79e30d,11,CE,1120,2410,280,603,0.12113,255.0,255.0,255.0,0.9999,162.47,112.53,106.6,127.2,33.86
7a9bc8_0,7a9bc8,3,LAA,1120,2827,280,707,0.0826,234.0,216.0,254.0,0.9995,225.91,142.95,191.06,186.64,16.67
7b9aaa_0,7b9aaa,11,CE,1120,2688,280,672,0.12803,255.0,255.0,255.0,1.0,207.46,169.63,107.28,161.46,14.33
7bc484_0,7bc484,7,LAA,1120,2495,280,624,0.21253,196.0,211.0,192.0,0.8614,203.4,164.7,129.09,165.73,12.4
7c2739_0,7c2739,11,CE,1120,2192,280,548,0.15158,234.0,216.0,254.0,0.9996,150.99,65.07,76.09,97.38,28.76
7cf058_0,7cf058,5,CE,1120,2399,280,600,0.12045,255.0,250.0,255.0,1.0,230.72,146.0,105.38,160.7,19.54
7dd82f_0,7dd82f,7,LAA,1120,2031,280,508,0.08936,234.0,216.0,254.0,0.9999,209.63,150.62,195.5,185.25,20.04
7dd82f_1,7dd82f,7,LAA,1120,3086,280,772,0.14787,234.0,216.0,254.0,1.0,212.34,162.01,169.42,181.26,20.85
7e9a65_0,7e9a65,11,CE,1120,2289,280,572,0.09073,255.0,241.0,255.0,0.9994,228.59,144.9,205.86,193.12,17.73
7f2ee2_0,7f2ee2,11,CE,1120,2878,280,720,0.34167,255.0,255.0,255.0,0.9999,187.31,86.67,76.65,116.88,18.48
7f343b_0,7f343b,11,CE,1120,3834,280,959,0.03793,243.0,243.0,243.0,0.9986,206.38,156.94,154.99,172.77,22.78
7f3781_0,7f3781,11,CE,1120,2150,280,538,0.12252,255.0,255.0,255.0,0.9999,198.49,142.37,109.2,150.02,27.78
7fa91f_0,7fa91f,4,CE,1120,1876,280,469,0.11861,255.0,255.0,255.0,0.9999,179.9,116.67,151.27,149.28,16.25
7fa91f_1,7fa91f,4,CE,1120,1468,280,367,0.35091,255.0,255.0,255.0,1.0,223.51,196.37,200.41,206.76,9.66
7fd9f4_0,7fd9f4,7,CE,1120,1878,280,470,0.23808,196.0,211.0,192.0,0.806,205.51,174.01,147.56,175.69,12.08
802de5_0,802de5,11,CE,1120,4292,280,1073,0.10486,255.0,241.0,255.0,0.9988,229.54,131.51,113.19,158.08,19.32
804f15_0,804f15,1,CE,1120,1877,280,469,0.16718,255.0,255.0,255.0,0.9996,150.09,44.33,35.08,76.5,10.48
80cc1b_0,80cc1b,11,CE,1120,3899,280,975,0.12204,255.0,241.0,255.0,0.9998,242.88,163.5,208.76,205.05,11.88
81092a_0,81092a,11,CE,1120,1839,280,460,0.08332,255.0,255.0,255.0,0.9993,222.03,194.78,213.37,210.06,10.52
81eb29_0,81eb29,1,CE,1120,6017,280,1504,0.25848,255.0,255.0,255.0,1.0,238.64,196.81,71.9,169.12,8.76
820c9f_0,820c9f,9,CE,1120,1753,280,438,0.17988,255.0,255.0,255.0,0.9993,209.99,161.47,98.34,156.6,29.17
821964_0,821964,5,LAA,1120,3778,280,945,0.1912,255.0,241.0,255.0,0.9996,228.15,132.33,120.31,160.27,17.07
82399d_0,82399d,7,CE,1120,5001,280,1250,0.0179,234.0,216.0,254.0,0.9999,217.66,164.69,196.28,192.88,15.28
82399d_1,82399d,7,CE,1120,2828,280,707,0.13812,234.0,216.0,254.0,0.994,214.35,159.51,146.17,173.34,17.07
82399d_2,82399d,7,CE,1120,3645,280,911,0.12295,234.0,216.0,254.0,1.0,210.49,151.02,193.04,184.85,13.34
82653f_0,82653f,6,CE,1120,3786,280,947,0.22818,196.0,211.0,192.0,0.6809,194.71,180.25,179.54,184.83,12.44
827928_0,827928,5,CE,1120,1816,280,454,0.14728,255.0,241.0,255.0,0.998,229.29,147.15,176.23,184.22,18.41
827928_1,827928,5,CE,1120,2353,280,588,0.18909,255.0,241.0,255.0,0.9996,224.4,132.95,158.18,171.84,16.6
83198b_0,83198b,9,CE,1120,2231,280,558,0.1433,255.0,250.0,255.0,1.0,216.04,143.68,135.1,164.94,24.69
83ae16_0,83ae16,4,CE,1120,9336,280,2334,0.08409,255.0,255.0,255.0,0.9997,227.52,196.14,142.21,188.62,14.57
83bfad_0,83bfad,2,CE,1120,3164,280,791,0.0626,255.0,255.0,255.0,1.0,223.45,153.08,110.47,162.33,19.42
83cedb_0,83cedb,11,CE,1120,2908,280,727,0.1454,243.0,243.0,243.0,0.9546,180.87,131.68,116.44,143.0,19.22
8408a6_0,8408a6,4,CE,1120,1285,280,321,0.30365,255.0,255.0,255.0,0.9999,208.18,140.08,133.22,160.49,23.97
845d82_0,845d82,11,LAA,1120,2295,280,574,0.18591,255.0,255.0,255.0,1.0,181.71,123.5,67.82,124.34,18.72
84f77e_0,84f77e,8,CE,1120,1978,280,495,0.01906,255.0,255.0,255.0,0.9999,231.22,175.27,180.9,195.8,25.28
856ae6_0,856ae6,11,CE,1120,2346,280,587,0.03091,255.0,241.0,255.0,0.9997,239.44,172.75,201.16,204.45,15.14
85868f_0,85868f,11,CE,1120,908,280,227,0.0466,255.0,241.0,255.0,1.0,237.28,137.05,209.11,194.48,9.65
862501_0,862501,7,LAA,1120,3028,280,757,0.1055,255.0,255.0,255.0,1.0,204.18,134.19,106.61,148.33,38.75
862501_1,862501,7,LAA,1120,4466,280,1117,0.0983,255.0,255.0,255.0,1.0,198.44,117.88,67.91,128.08,12.54
86696d_0,86696d,10,CE,1120,2265,280,566,0.18809,255.0,250.0,255.0,0.9975,224.31,129.33,86.71,146.78,30.05
868720_0,868720,11,CE,1120,1800,280,450,0.07563,243.0,243.0,243.0,0.9953,198.17,140.45,122.44,153.69,26.63
86e319_0,86e319,7,CE,1120,1953,280,488,0.03059,234.0,216.0,254.0,0.9999,204.21,144.53,152.71,167.15,30.92
86e319_1,86e319,7,CE,1120,2442,280,611,0.10128,234.0,216.0,254.0,0.9984,205.35,136.2,115.03,152.19,26.24
86e319_2,86e319,7,CE,1120,1953,280,488,0.01279,255.0,241.0,255.0,0.999,243.09,214.24,217.23,224.85,8.87
8768db_0,8768db,2,CE,1120,2992,280,748,0.03467,255.0,255.0,255.0,1.0,213.58,130.18,109.91,151.22,18.46
8781e2_0,8781e2,3,CE,1120,2508,280,627,0.08942,255.0,255.0,255.0,0.9999,222.45,148.28,147.22,172.65,23.66
880f54_0,880f54,11,CE,1120,2426,280,607,0.15758,255.0,255.0,255.0,1.0,184.1,122.98,112.49,139.86,32.41
88623d_0,88623d,11,CE,1120,2291,280,573,0.0918,255.0,255.0,255.0,1.0,122.37,75.04,82.53,93.31,31.62
89933b_0,89933b,11,LAA,1120,2312,280,578,0.10083,255.0,255.0,255.0,1.0,140.46,94.75,105.22,113.48,26.73
8a17b7_0,8a17b7,11,LAA,1120,3426,280,857,0.07883,255.0,255.0,255.0,1.0,219.01,156.71,116.22,163.98,19.43
8b3323_0,8b3323,7,CE,1120,3743,280,936,0.127,196.0,211.0,192.0,0.5225,203.48,166.82,180.64,183.65,12.41
8b90fa_0,8b90fa,11,CE,1120,3444,280,861,0.1113,255.0,241.0,255.0,0.9962,224.4,135.37,131.27,163.68,14.98
8be762_0,8be762,11,CE,1120,2116,280,529,0.07987,255.0,255.0,255.0,1.0,190.94,126.68,108.41,142.01,29.34
8c24eb_0,8c24eb,11,CE,1120,5422,280,1356,0.07113,255.0,241.0,255.0,1.0,233.28,142.65,162.26,179.4,14.23
8cf32b_0,8cf32b,4,LAA,1120,1681,280,420,0.23829,255.0,255.0,255.0,0.9996,230.64,189.41,71.83,163.96,8.56
8d60c1_0,8d60c1,9,CE,1120,2194,280,549,0.15867,255.0,250.0,255.0,1.0,214.8,138.28,171.16,174.75,18.83
8e0244_0,8e0244,4,LAA,1120,1287,280,322,0.24943,255.0,255.0,255.0,0.9999,176.63,105.87,52.21,111.57,13.89
8e0684_0,8e0684,4,CE,1120,1169,280,292,0.22265,255.0,255.0,255.0,0.9996,209.11,171.16,113.44,164.57,18.52
8ebb0c_0,8ebb0c,1,CE,1120,2403,280,601,0.179,255.0,255.0,255.0,0.9996,169.81,106.07,62.65,112.84,24.58
8f71df_0,8f71df,7,LAA,1120,1958,280,490,0.14943,255.0,241.0,255.0,0.9994,244.97,230.78,66.14,180.63,11.14
8fa951_0,8fa951,4,CE,1120,1151,280,288,0.2378,255.0,255.0,255.0,0.9997,215.61,154.95,94.05,154.87,11.71
8fc6d5_0,8fc6d5,6,CE,1120,1571,280,393,0.46366,255.0,241.0,255.0,0.9996,230.0,100.11,134.6,154.9,10.94
8fe2eb_0,8fe2eb,1,CE,1120,1921,280,480,0.14999,255.0,255.0,255.0,1.0,171.23,103.09,86.14,120.15,30.2
9010a1_0,9010a1,11,LAA,1120,2937,280,734,0.12135,255.0,255.0,255.0,0.9999,192.87,111.72,119.4,141.33,15.11
907f7b_0,907f7b,10,CE,1120,2765,280,691,0.24472,255.0,250.0,255.0,1.0,231.2,145.78,88.25,155.08,11.01
90ffa4_0,90ffa4,7,CE,1120,1991,280,498,0.07295,234.0,216.0,254.0,0.997,201.48,149.19,121.95,157.54,17.42
90ffa4_1,90ffa4,7,CE,1120,2192,280,548,0.04151,234.0,216.0,254.0,0.991,199.46,137.96,171.8,169.74,21.73
915264_0,915264,3,LAA,1120,3357,280,839,0.11137,255.0,255.0,255.0,0.9997,213.12,158.98,56.07,142.72,12.26
91b9d3_0,91b9d3,3,LAA,1120,3095,280,774,0.04703,255.0,241.0,255.0,0.9998,232.33,146.02,173.67,184.01,28.8
91b9d3_1,91b9d3,3,LAA,1120,3965,280,991,0.05139,255.0,241.0,255.0,0.9998,235.73,175.23,212.41,207.79,15.29
91b9d3_2,91b9d3,3,LAA,1120,2184,280,546,0.06175,255.0,241.0,255.0,0.9994,237.64,140.5,176.07,184.73,22.91
91b9d3_3,91b9d3,3,LAA,1120,2069,280,517,0.13886,255.0,241.0,255.0,0.9995,233.83,95.75,80.61,136.73,35.66
91b9d3_4,91b9d3,3,LAA,1120,935,280,234,0.17207,255.0,241.0,255.0,0.9863,240.06,219.07,88.55,182.56,15.15
91fee7_0,91fee7,8,CE,1120,1672,280,418,0.03196,255.0,241.0,255.0,0.9982,220.78,128.51,93.58,147.62,31.86
931cea_0,931cea,4,CE,1120,1091,280,273,0.25942,255.0,255.0,255.0,0.9998,207.3,146.85,76.43,143.53,15.03
931cea_1,931cea,4,CE,1120,1309,280,327,0.23527,255.0,255.0,255.0,0.9979,226.37,194.44,191.02,203.94,8.82
9452da_0,9452da,4,LAA,1120,3218,280,805,0.16426,255.0,255.0,255.0,0.9764,174.57,142.71,72.01,129.76,14.7
949107_0,949107,1,CE,1120,3059,280,765,0.2393,196.0,211.0,192.0,0.8311,200.45,153.35,145.57,166.46,11.04
957643_0,957643,11,CE,1120,3662,280,916,0.12691,255.0,255.0,255.0,1.0,171.67,111.14,122.24,135.02,13.87
977a49_0,977a49,1,CE,1120,1552,280,388,0.1537,255.0,255.0,255.0,0.9997,207.97,116.11,88.77,137.62,22.77
98123e_0,98123e,11,CE,1120,2733,280,683,0.1199,255.0,241.0,255.0,0.9997,241.46,179.7,157.05,192.74,16.94
983df1_0,983df1,2,CE,1120,1082,280,271,0.09685,255.0,255.0,255.0,0.9998,224.06,142.46,119.43,161.99,11.4
9874eb_0,9874eb,1,CE,1120,4119,280,1030,0.12807,255.0,255.0,255.0,1.0,224.64,154.14,104.99,161.26,18.27
988131_0,988131,11,LAA,1120,1736,280,434,0.06569,255.0,255.0,255.0,0.9998,148.58,78.25,67.46,98.1,46.07
98db2b_0,98db2b,4,CE,1120,2054,280,514,0.15069,255.0,255.0,255.0,1.0,202.92,142.56,74.11,139.86,15.77
991ad1_0,991ad1,7,CE,1120,2832,280,708,0.01491,255.0,241.0,255.0,0.9991,221.07,141.36,177.54,179.99,31.7
992abf_0,992abf,11,CE,1120,3859,280,965,0.06705,243.0,243.0,243.0,0.9149,175.58,116.93,108.51,133.67,22.9
9961af_0,9961af,11,LAA,1120,3385,280,846,0.10258,255.0,255.0,255.0,0.9998,200.84,101.08,134.98,145.63,21.94
99c5c8_0,99c5c8,1,CE,1120,2140,280,535,0.17113,255.0,255.0,255.0,0.9999,194.89,110.11,54.94,119.98,15.79
9a807e_0,9a807e,7,CE,1120,3648,280,912,0.05047,255.0,255.0,255.0,0.9998,208.76,118.63,131.5,152.96,42.11
9cc010_0,9cc010,7,CE,1120,3674,280,919,0.21336,255.0,241.0,255.0,0.9972,237.39,167.73,102.77,169.3,13.99
9d609a_0,9d609a,10,CE,1120,2750,280,688,0.16217,255.0,250.0,255.0,0.9939,233.04,127.35,62.29,140.89,14.62
9d71ef_0,9d71ef,8,CE,1120,2934,280,734,0.08727,255.0,255.0,255.0,0.9999,206.07,97.61,78.26,127.31,25.57
9dd7d8_0,9dd7d8,11,CE,1120,2135,280,534,0.07845,255.0,241.0,255.0,0.9987,227.79,152.78,186.78,189.12,20.24
9de0fa_0,9de0fa,5,CE,1120,3448,280,862,0.19295,255.0,250.0,255.0,0.9998,232.82,125.23,104.69,154.25,15.2
9e06cb_0,9e06cb,10,LAA,1120,2148,280,537,0.05699,255.0,241.0,255.0,1.0,244.96,225.41,115.63,195.33,16.82
9eda1d_0,9eda1d,5,LAA,1120,3524,280,881,0.0848,255.0,255.0,255.0,1.0,178.64,124.06,112.31,138.34,41.38
9ee0e2_0,9ee0e2,4,LAA,1120,1185,280,296,0.24607,255.0,255.0,255.0,0.9988,141.87,61.7,59.28,87.61,19.81
9efc03_0,9efc03,11,CE,1120,2281,280,570,0.13961,255.0,255.0,255.0,1.0,184.88,117.93,74.51,125.78,18.55
9f0f05_0,9f0f05,11,CE,1120,2889,280,722,0.11796,255.0,255.0,255.0,0.9996,133.53,85.88,74.03,97.81,20.25
9f305c_0,9f305c,4,CE,1120,1013,280,253,0.2063,255.0,255.0,255.0,0.9998,226.12,189.17,95.32,170.21,14.52
9f7649_0,9f7649,3,LAA,1120,5084,280,1271,0.09238,255.0,255.0,255.0,0.9997,133.21,69.52,43.47,82.07,14.57
9f7649_1,9f7649,3,LAA,1120,4815,280,1204,0.10171,255.0,255.0,255.0,1.0,152.35,83.16,66.87,100.79,23.51
9f84c0_0,9f84c0,11,CE,1120,1473,280,368,0.073,255.0,241.0,255.0,0.9982,233.07,140.41,178.35,183.94,21.29
9fa03a_0,9fa03a,2,CE,1120,3707,280,927,0.08489,255.0,241.0,255.0,0.9992,226.62,90.4,41.93,119.65,14.41
9fc787_0,9fc787,11,CE,1120,3020,280,755,0.11321,255.0,241.0,255.0,0.9985,233.81,178.72,227.1,213.21,10.41
9fd56b_0,9fd56b,3,CE,1120,2793,280,698,0.04121,234.0,216.0,254.0,0.9895,208.42,119.02,132.05,153.16,28.62
9fdc31_0,9fdc31,1,CE,1120,2383,280,596,0.19084,255.0,255.0,255.0,0.9997,180.23,105.24,62.12,115.87,22.34
a1f13b_0,a1f13b,10,LAA,1120,2346,280,587,0.11018,255.0,250.0,255.0,0.9999,224.63,101.42,61.39,129.15,13.34
a22718_0,a22718,11,LAA,1120,3316,280,829,0.11504,243.0,243.0,243.0,0.9147,177.94,124.69,106.98,136.54,13.78
a24fac_0,a24fac,4,CE,1120,1498,280,375,0.18631,255.0,255.0,255.0,0.9999,229.54,209.31,119.92,186.26,27.72
a26055_0,a26055,7,LAA,1120,3503,280,876,0.10426,234.0,216.0,254.0,0.9974,188.67,146.34,122.31,152.44,12.15
a26055_1,a26055,7,LAA,1120,3079,280,770,0.10768,234.0,216.0,254.0,0.9924,199.19,138.82,81.21,139.74,12.15
a26055_2,a26055,7,LAA,1120,2512,280,628,0.0956,234.0,216.0,254.0,0.9891,206.91,155.79,177.52,180.07,12.85
a2b566_0,a2b566,11,CE,1120,2155,280,539,0.09213,255.0,255.0,255.0,1.0,172.29,105.12,101.11,126.17,24.5
a2c497_0,a2c497,11,LAA,1120,2216,280,554,0.04422,255.0,241.0,255.0,0.9993,203.97,100.99,149.89,151.62,12.36
a3a4cb_0,a3a4cb,6,CE,1120,2019,280,505,0.05161,255.0,241.0,255.0,0.9972,229.36,142.38,173.92,181.88,27.8
a45b72_0,a45b72,11,CE,1120,2506,280,627,0.13368,255.0,241.0,255.0,0.9991,215.53,139.23,158.63,171.13,12.48
a45bac_0,a45bac,11,CE,1120,2248,280,562,0.14014,243.0,243.0,243.0,0.9639,179.07,142.98,133.65,151.9,15.58
a4c7df_0,a4c7df,11,LAA,1120,2014,280,504,0.09836,255.0,255.0,255.0,1.0,202.31,116.98,138.64,152.64,19.82
a4c877_0,a4c877,6,CE,1120,3265,280,816,0.14005,255.0,255.0,255.0,0.9999,205.33,122.95,104.89,144.39,24.84
a4c877_1,a4c877,6,CE,1120,5561,280,1390,0.04502,255.0,255.0,255.0,1.0,202.79,94.72,77.52,125.01,23.41
a4c877_2,a4c877,6,CE,1120,2185,280,546,0.22923,255.0,255.0,255.0,0.9999,185.64,66.47,60.61,104.24,24.87
a4c877_3,a4c877,6,CE,1120,2655,280,664,0.15061,255.0,255.0,255.0,0.9996,210.88,115.18,107.98,144.68,23.73
a4e918_0,a4e918,11,CE,1120,2504,280,626,0.25275,255.0,255.0,255.0,1.0,209.17,155.05,161.79,175.34,18.74
a59c0d_0,a59c0d,6,CE,1120,3263,280,816,0.28414,196.0,211.0,192.0,0.8226,198.85,189.87,200.81,196.51,17.58
a59c0d_1,a59c0d,6,CE,1120,3146,280,787,0.20648,196.0,211.0,192.0,0.7323,199.28,195.5,176.1,190.29,14.34
a6f5ae_0,a6f5ae,7,LAA,1120,1500,280,375,0.04159,255.0,241.0,255.0,0.9993,230.03,172.27,176.91,193.07,21.91
a95219_0,a95219,11,LAA,1120,1238,280,310,0.09195,234.0,216.0,254.0,0.9973,133.86,60.56,58.77,84.39,43.37
a9573c_0,a9573c,8,CE,1120,2211,280,553,0.03475,255.0,255.0,255.0,1.0,219.43,144.22,104.06,155.9,45.56
a96be4_0,a96be4,11,LAA,1120,2539,280,635,0.10498,255.0,255.0,255.0,0.9998,148.4,83.75,70.43,100.86,38.18
a975ab_0,a975ab,7,CE,1120,1963,280,491,0.07649,255.0,241.0,255.0,0.9999,234.49,157.54,186.59,192.87,13.79
a975ab_1,a975ab,7,CE,1120,4192,280,1048,0.01665,255.0,241.0,255.0,0.9998,230.45,150.14,187.76,189.45,20.3
a9c427_0,a9c427,5,CE,1120,1296,280,324,0.13415,234.0,216.0,254.0,0.98,165.18,102.22,82.61,116.67,18.48
aa2f56_0,aa2f56,9,CE,1120,1968,280,492,0.07699,234.0,216.0,254.0,0.9999,187.64,101.82,121.05,136.84,28.01
ab1b6e_0,ab1b6e,3,CE,1120,1594,280,399,0.07683,243.0,243.0,243.0,0.9904,179.56,156.51,131.83,155.96,30.24
abc4a3_0,abc4a3,7,CE,1120,2708,280,677,0.05017,255.0,255.0,255.0,0.9998,211.85,132.22,133.65,159.24,32.89
abc4a3_1,abc4a3,7,CE,1120,2439,280,610,0.03615,255.0,255.0,255.0,1.0,211.22,128.96,121.85,154.01,39.01
abc4a3_2,abc4a3,7,CE,1120,1796,280,449,0.03404,255.0,255.0,255.0,0.9997,213.17,134.1,142.69,163.32,33.81
abc682_0,abc682,5,LAA,1120,7188,280,1797,0.09221,255.0,250.0,255.0,1.0,219.4,135.53,128.28,161.07,18.48
abfcb7_0,abfcb7,5,CE,1120,4165,280,1041,0.25891,255.0,255.0,255.0,0.9999,152.94,60.96,42.36,85.42,17.26
ac2147_0,ac2147,9,LAA,1120,2110,280,528,0.141,234.0,216.0,254.0,0.9961,202.9,131.03,85.46,139.8,19.72
adc6e3_0,adc6e3,11,LAA,1120,2094,280,524,0.1761,255.0,255.0,255.0,1.0,150.13,89.43,84.76,108.11,29.11
ae0487_0,ae0487,3,LAA,1120,2723,280,681,0.22785,255.0,255.0,255.0,0.9987,195.31,135.04,93.97,141.44,25.37
ae26ae_0,ae26ae,2,CE,1120,2439,280,610,0.1669,255.0,255.0,255.0,0.9999,217.64,145.2,101.43,154.76,20.61
aeb3bd_0,aeb3bd,11,LAA,1120,2820,280,705,0.19982,255.0,255.0,255.0,0.9998,215.76,129.76,69.02,138.18,13.45
af4dd6_0,af4dd6,4,CE,1120,910,280,228,0.31866,255.0,255.0,255.0,1.0,227.82,182.93,103.54,171.43,13.44
af7a93_0,af7a93,4,CE,1120,2105,280,526,0.21138,255.0,255.0,255.0,1.0,214.74,172.21,201.17,196.04,15.52
b01110_0,b01110,4,LAA,1120,2333,280,583,0.2955,255.0,255.0,255.0,0.9998,193.55,146.79,136.68,159.01,23.26
b07b42_0,b07b42,11,CE,1100,1950,280,496,0.12985,243.0,243.0,243.0,0.9757,187.95,163.59,158.32,169.95,28.68
b1e363_0,b1e363,11,LAA,1120,1446,280,362,0.13391,243.0,243.0,243.0,0.9742,185.48,147.59,130.04,154.37,34.18
b1e363_1,b1e363,11,LAA,1120,2592,280,648,0.14137,243.0,243.0,243.0,0.9192,182.18,135.64,118.63,145.48,34.31
b1f248_0,b1f248,4,CE,1120,1360,280,340,0.30739,255.0,255.0,255.0,1.0,214.22,193.15,153.57,186.98,15.83
b21b87_0,b21b87,8,CE,1120,7345,280,1836,0.0335,255.0,255.0,255.0,1.0,209.78,129.06,120.34,153.06,26.04
b25f2b_0,b25f2b,11,CE,1120,1335,280,334,0.19754,255.0,255.0,255.0,0.9998,176.03,131.9,100.64,136.19,48.15
b342b0_0,b342b0,11,CE,1120,2196,280,549,0.13493,255.0,255.0,255.0,1.0,190.69,139.95,68.98,133.2,31.42
b3c755_0,b3c755,4,CE,1120,1684,280,421,0.27864,255.0,255.0,255.0,0.9996,212.17,155.09,179.93,182.39,11.71
b43ebe_0,b43ebe,7,CE,1120,1347,280,337,0.01719,255.0,241.0,255.0,0.8304,227.1,194.28,232.13,217.84,12.76
b43ebe_1,b43ebe,7,CE,1120,3132,280,783,0.17408,196.0,211.0,192.0,0.8019,202.34,171.24,164.63,179.4,18.68
b46f3b_0,b46f3b,3,CE,1120,3512,280,878,0.08682,243.0,243.0,243.0,0.7489,167.36,150.88,153.71,157.32,12.43
b4a34d_0,b4a34d,5,CE,1120,2508,280,627,0.16392,234.0,216.0,254.0,0.9887,182.47,99.92,55.44,112.61,11.6
b525a8_0,b525a8,3,CE,1120,1595,280,399,0.05001,234.0,216.0,254.0,0.8178,190.62,103.25,105.66,133.18,17.75
b5aece_0,b5aece,7,LAA,1120,1877,280,469,0.10095,255.0,255.0,255.0,0.9997,172.98,75.97,39.54,96.16,11.28
b6cfea_0,b6cfea,6,LAA,1120,2438,280,610,0.08625,255.0,241.0,255.0,0.9987,232.8,136.01,118.58,162.47,25.29
b6f1e9_0,b6f1e9,7,LAA,1120,2547,280,637,0.0857,255.0,241.0,255.0,0.9995,234.28,172.66,114.69,173.88,22.37
b6fffe_0,b6fffe,11,CE,1120,3661,280,915,0.2154,255.0,255.0,255.0,1.0,195.84,111.07,110.63,139.18,18.2
b7f78e_0,b7f78e,3,CE,1120,1878,280,470,0.07175,255.0,255.0,255.0,0.9999,212.85,151.64,75.97,146.82,20.74
b894f4_0,b894f4,11,CE,1100,2250,280,573,0.1553,243.0,243.0,243.0,0.9097,172.64,127.29,112.59,137.51,31.94
b8ef90_0,b8ef90,11,CE,1120,2959,280,740,0.2318,255.0,255.0,255.0,1.0,168.68,99.7,67.71,112.03,23.48
b948e8_0,b948e8,4,CE,1120,935,280,234,0.08715,255.0,255.0,255.0,0.9978,204.2,145.55,178.8,176.18,24.39
ba8305_0,ba8305,11,LAA,1120,2137,280,534,0.16261,255.0,255.0,255.0,0.9999,167.57,100.57,94.93,121.03,37.49
baa4c4_0,baa4c4,4,CE,1120,2340,280,585,0.17296,255.0,255.0,255.0,0.9839,222.7,188.36,80.54,163.87,16.35
bb06a5_0,bb06a5,11,CE,1120,2801,280,700,0.20633,255.0,255.0,255.0,0.9999,195.36,141.22,130.88,155.82,13.18
bbc5b1_0,bbc5b1,5,CE,1120,3274,280,819,0.17302,255.0,255.0,255.0,1.0,162.71,98.46,53.4,104.86,19.53
bc9536_0,bc9536,11,LAA,1120,1877,280,469,0.08157,255.0,255.0,255.0,0.9997,195.66,123.5,113.19,144.12,25.63
bd0cea_0,bd0cea,6,CE,1120,3274,280,819,0.02788,255.0,255.0,255.0,0.9997,195.35,103.64,65.63,121.54,20.81
bd783d_0,bd783d,1,CE,1120,2385,280,596,0.10946,255.0,255.0,255.0,1.0,207.06,143.22,56.83,135.7,14.96
bd783d_1,bd783d,1,CE,1120,2733,280,683,0.0778,255.0,255.0,255.0,1.0,214.04,142.38,144.46,166.96,21.16
bdf3c2_0,bdf3c2,3,LAA,1120,1766,280,442,0.1688,255.0,255.0,255.0,1.0,202.48,129.6,116.67,149.58,28.16
bec7ca_0,bec7ca,4,CE,1120,1877,280,469,0.30137,255.0,255.0,255.0,1.0,179.51,95.14,76.98,117.21,16.1
bf1599_0,bf1599,11,LAA,1120,2534,280,634,0.12554,255.0,255.0,255.0,1.0,217.16,148.83,88.01,151.33,18.25
bff862_0,bff862,2,CE,1120,1809,280,452,0.04869,255.0,255.0,255.0,1.0,209.97,106.06,123.85,146.63,20.02
c01d28_0,c01d28,4,CE,1120,1363,280,341,0.17603,255.0,255.0,255.0,1.0,224.22,179.24,135.13,179.53,17.27
c01d28_1,c01d28,4,CE,1120,1422,280,356,0.0969,255.0,255.0,255.0,1.0,184.92,130.67,152.69,156.1,29.49
c07ca9_0,c07ca9,11,CE,1120,2973,280,743,0.04269,243.0,243.0,243.0,0.965,181.88,131.14,116.13,143.05,15.85
c12836_0,c12836,7,CE,1120,1874,280,469,0.14213,196.0,211.0,192.0,0.7296,201.72,180.09,187.35,189.72,10.92
c12836_1,c12836,7,CE,1120,1426,280,357,0.23365,196.0,211.0,192.0,0.8222,204.76,178.58,177.26,186.87,12.92
c1b288_0,c1b288,11,CE,1120,1016,280,254,0.0275,255.0,241.0,255.0,0.9969,241.81,189.19,233.29,221.43,10.55
c1b699_0,c1b699,11,CE,1120,3852,280,963,0.11759,255.0,241.0,255.0,0.9983,218.53,115.42,94.86,142.94,14.68
c1cf0d_0,c1cf0d,4,LAA,1120,1270,280,318,0.23653,255.0,255.0,255.0,0.9997,221.26,190.25,90.07,167.2,15.06
c30f14_0,c30f14,1,CE,1120,1452,280,363,0.09083,255.0,250.0,255.0,1.0,204.01,153.28,189.63,182.31,26.37
c30f14_1,c30f14,1,CE,1120,2113,280,528,0.12532,255.0,255.0,255.0,0.9999,212.25,147.7,156.91,172.28,23.6
c31442_0,c31442,8,LAA,1120,3160,280,790,0.00344,255.0,255.0,255.0,1.0,230.12,189.17,212.26,210.52,16.3
c32d76_0,c32d76,2,CE,1120,1631,280,408,0.11572,255.0,255.0,255.0,1.0,211.63,168.14,132.76,170.84,34.52
c32d76_1,c32d76,2,CE,1120,1594,280,399,0.05221,255.0,255.0,255.0,0.9992,195.2,141.04,121.9,152.71,37.27
c32d76_2,c32d76,2,CE,1120,1634,280,409,0.02347,255.0,255.0,255.0,1.0,213.8,136.13,131.71,160.55,37.59
c3a1a5_0,c3a1a5,4,CE,1120,1079,280,270,0.19095,255.0,255.0,255.0,1.0,199.7,139.84,110.73,150.09,29.62
c3f2f8_0,c3f2f8,11,CE,1120,1983,280,496,0.20436,255.0,255.0,255.0,0.9989,222.49,173.3,145.88,180.56,15.62
c42387_0,c42387,11,LAA,1120,3815,280,954,0.06653,255.0,255.0,255.0,0.9988,169.05,122.91,105.42,132.46,21.27
c4a601_0,c4a601,11,CE,1120,2637,280,659,0.1505,255.0,255.0,255.0,1.0,217.76,171.48,117.28,168.84,21.97
c4da19_0,c4da19,11,CE,1120,2715,280,679,0.19194,255.0,255.0,255.0,0.9998,143.91,80.74,57.5,94.05,19.3
c5d171_0,c5d171,1,LAA,1120,1225,280,306,0.12932,255.0,255.0,255.0,1.0,229.31,184.76,72.07,162.05,29.63
c5e687_0,c5e687,8,CE,1120,1745,280,436,0.093,255.0,255.0,255.0,0.9993,220.77,165.86,134.93,173.85,28.34
c61b26_0,c61b26,8,CE,1120,1508,280,377,0.27531,255.0,255.0,255.0,0.9997,220.12,154.83,107.76,160.9,23.54
c63918_0,c63918,11,CE,1120,3474,280,869,0.11703,255.0,255.0,255.0,0.9999,179.05,109.75,101.75,130.18,23.57
c65db4_0,c65db4,3,CE,1120,2891,280,723,0.18876,255.0,255.0,255.0,0.9999,220.11,103.34,80.06,134.5,15.57
c65db4_1,c65db4,3,CE,1120,2754,280,689,0.12249,255.0,255.0,255.0,0.9998,209.14,90.78,87.65,129.19,14.76
c68551_0,c68551,1,CE,1120,2324,280,581,0.13506,255.0,250.0,255.0,0.9997,214.62,146.9,195.5,185.67,18.17
c6c758_0,c6c758,11,CE,1120,1152,280,288,0.11161,255.0,255.0,255.0,1.0,222.98,195.45,190.33,202.92,19.15
c78d6b_0,c78d6b,9,CE,1120,3109,280,777,0.04048,234.0,216.0,254.0,1.0,163.98,48.22,53.29,88.5,20.4
c8912e_0,c8912e,4,CE,1120,3744,280,936,0.26363,255.0,255.0,255.0,0.9817,214.79,171.97,114.19,166.98,15.33
c92b51_0,c92b51,11,CE,1120,3293,280,823,0.07363,255.0,255.0,255.0,1.0,166.38,119.59,103.52,129.83,19.92
c97365_0,c97365,1,CE,1120,1831,280,458,0.12861,255.0,255.0,255.0,0.9999,224.24,144.26,137.09,168.53,24.69
c9ab6c_0,c9ab6c,1,LAA,1120,2324,280,581,0.2285,255.0,255.0,255.0,0.9861,174.51,109.18,56.13,113.27,13.37
c9d53d_0,c9d53d,6,LAA,1120,2117,280,529,0.08486,255.0,241.0,255.0,1.0,231.24,132.01,99.57,154.27,34.87
ca2f66_0,ca2f66,11,CE,1120,4684,280,1171,0.06282,255.0,255.0,255.0,0.9999,185.08,138.06,128.82,150.66,29.27
ca7b57_0,ca7b57,4,LAA,1120,1350,280,338,0.1093,255.0,255.0,255.0,0.9996,218.28,194.97,122.28,178.51,19.7
caf901_0,caf901,7,CE,1120,1192,280,298,0.03452,234.0,216.0,254.0,0.9995,210.1,124.67,113.92,149.56,30.87
cb1293_0,cb1293,11,LAA,1120,3172,280,793,0.09497,243.0,243.0,243.0,0.9683,187.75,131.22,120.68,146.55,30.33
cb2534_0,cb2534,4,CE,1120,1065,280,266,0.13941,255.0,255.0,255.0,0.9998,227.62,208.22,181.04,205.63,16.27
cb2534_1,cb2534,4,CE,1120,1188,280,297,0.21427,255.0,255.0,255.0,0.9999,206.97,158.26,113.45,159.56,19.09
cb4f8e_0,cb4f8e,11,LAA,1120,3354,280,839,0.17944,255.0,255.0,255.0,0.9998,200.66,134.6,97.56,144.27,25.6
cb4f8e_1,cb4f8e,11,LAA,1120,4099,280,1025,0.07924,243.0,243.0,243.0,0.9383,181.77,119.32,112.42,137.84,29.7
cc73c0_0,cc73c0,11,CE,1120,5001,280,1250,0.06328,242.0,243.0,243.0,0.6607,161.17,117.9,123.42,134.16,27.32
cde001_0,cde001,1,CE,1120,1940,280,485,0.07941,255.0,255.0,255.0,1.0,212.49,143.65,114.58,156.9,21.07
cff1ce_0,cff1ce,10,CE,1120,1402,280,351,0.29479,255.0,241.0,255.0,1.0,235.75,176.38,129.89,180.67,15.94
d03362_0,d03362,11,LAA,1120,6573,280,1643,0.15269,255.0,255.0,255.0,1.0,164.3,71.12,57.53,97.65,20.61
d13031_0,d13031,4,CE,1120,1433,280,358,0.31058,255.0,255.0,255.0,0.992,211.67,168.89,86.63,155.73,19.46
d1da59_0,d1da59,8,CE,1120,4122,280,1031,0.15902,255.0,255.0,255.0,0.9998,227.74,164.33,155.04,182.37,14.75
d20177_0,d20177,5,CE,1120,6415,280,1604,0.05506,255.0,255.0,255.0,0.996,128.88,54.83,46.27,76.66,26.5
d23cd1_0,d23cd1,1,CE,1120,4811,280,1203,0.10197,255.0,255.0,255.0,0.9998,226.2,182.06,188.79,199.02,12.49
d24672_0,d24672,11,CE,1120,1963,280,491,0.06648,234.0,216.0,254.0,1.0,153.25,69.81,76.98,100.01,37.46
d25a2f_0,d25a2f,11,CE,1120,2871,280,718,0.03141,243.0,243.0,243.0,0.8454,191.34,138.06,130.86,153.42,16.02
d2c18a_0,d2c18a,11,LAA,1120,1663,280,416,0.12183,255.0,255.0,255.0,0.9997,173.52,125.42,146.13,148.36,20.76
d2e447_0,d2e447,11,CE,1120,1002,280,251,0.09866,255.0,255.0,255.0,1.0,199.07,115.16,74.7,129.64,29.86
d33b23_0,d33b23,11,CE,1120,2087,280,522,0.1032,255.0,255.0,255.0,1.0,196.59,149.01,124.7,156.77,26.49
d346ca_0,d346ca,3,LAA,1120,1564,280,391,0.09779,255.0,255.0,255.0,1.0,217.92,140.96,82.96,147.28,35.88
d36b5f_0,d36b5f,7,CE,1120,1829,280,457,0.10904,234.0,216.0,254.0,0.9994,215.02,138.92,145.68,166.54,20.75
d380dc_0,d380dc,11,CE,1120,5390,280,1348,0.04328,243.0,243.0,243.0,0.928,183.57,126.93,121.52,144.0,22.57
d3d21b_0,d3d21b,1,CE,1120,1406,280,352,0.15217,255.0,250.0,255.0,1.0,221.22,144.12,105.85,157.06,17.48
d44b91_0,d44b91,7,LAA,1120,4443,280,1111,0.04259,255.0,255.0,255.0,0.9999,201.56,94.39,65.7,120.55,23.18
d44b91_1,d44b91,7,LAA,1120,2069,280,517,0.10915,255.0,255.0,255.0,0.9997,214.79,136.3,109.24,153.45,41.28
d4791c_0,d4791c,10,CE,1120,1488,280,372,0.49521,255.0,241.0,255.0,0.9956,233.54,116.39,68.73,139.55,10.31
d4ac9a_0,d4ac9a,5,LAA,1120,2553,280,638,0.12274,234.0,216.0,254.0,0.9743,202.82,120.13,122.54,148.5,17.65
d4c955_0,d4c955,7,CE,1120,7121,280,1780,0.0096,255.0,241.0,255.0,1.0,232.5,133.62,170.75,178.96,21.79
d4c955_1,d4c955,7,CE,1120,3615,280,904,0.07561,255.0,241.0,255.0,0.9997,234.13,171.69,186.06,197.29,13.94
d4dc4f_0,d4dc4f,3,LAA,1120,3340,280,835,0.13448,243.0,243.0,243.0,0.8289,169.18,138.45,129.95,145.86,13.41
d53809_0,d53809,5,CE,1120,2552,280,638,0.20036,255.0,255.0,255.0,1.0,149.8,78.33,60.19,96.11,22.01
d53ab7_0,d53ab7,7,CE,1120,1905,280,476,0.17817,255.0,255.0,255.0,0.9999,199.21,141.78,108.47,149.82,38.44
d5c637_0,d5c637,3,CE,1120,2785,280,696,0.16325,255.0,255.0,255.0,0.9999,212.67,144.3,123.89,160.28,18.94
d62b1d_0,d62b1d,3,LAA,1120,2924,280,731,0.1513,243.0,243.0,243.0,0.9949,183.7,124.84,92.85,133.8,31.9
d6525e_0,d6525e,2,LAA,1120,3823,280,956,0.07913,243.0,243.0,243.0,0.9959,197.11,127.41,93.78,139.43,14.22
d74701_0,d74701,4,CE,1120,1180,280,295,0.2107,255.0,255.0,255.0,0.9998,227.67,196.9,99.26,174.61,25.38
d74701_1,d74701,4,CE,1120,1114,280,279,0.20444,255.0,255.0,255.0,0.9959,225.01,186.81,100.87,170.9,21.13
d7a20d_0,d7a20d,4,LAA,1120,1427,280,357,0.10958,255.0,255.0,255.0,0.9999,228.95,201.42,116.01,182.13,19.9
d7dc3e_0,d7dc3e,8,CE,1120,4791,280,1198,0.04004,255.0,255.0,255.0,0.9996,201.24,94.18,91.89,129.1,40.29
d7dcea_0,d7dcea,1,CE,1120,2333,280,583,0.04003,255.0,255.0,255.0,1.0,226.11,208.06,201.89,212.02,16.53
d862da_0,d862da,7,LAA,1120,1831,280,458,0.04575,234.0,216.0,254.0,1.0,210.41,169.33,211.82,197.18,17.16
d8a746_0,d8a746,11,CE,1120,1455,280,364,0.11392,243.0,243.0,243.0,0.9865,190.63,123.83,95.0,136.49,19.76
d8db68_0,d8db68,1,LAA,1120,1749,280,437,0.07758,255.0,255.0,255.0,0.9998,182.8,103.79,72.53,119.71,39.26
d91d0f_0,d91d0f,1,CE,1120,2246,280,562,0.14138,255.0,255.0,255.0,1.0,172.53,87.72,59.76,106.67,16.67
d923a7_0,d923a7,11,CE,1120,3727,280,932,0.13939,255.0,241.0,255.0,0.9998,236.99,168.26,150.72,185.33,18.85
d93fd8_0,d93fd8,11,CE,1120,2800,280,700,0.1123,243.0,243.0,243.0,0.947,176.54,108.31,100.14,128.33,11.34
d98dc9_0,d98dc9,11,CE,1120,3408,280,852,0.1564,243.0,243.0,243.0,0.9784,192.16,137.96,133.68,154.6,11.6
da732b_0,da732b,1,LAA,1120,2928,280,732,0.10677,234.0,216.0,254.0,0.9999,171.06,84.47,42.9,99.48,14.13
dae554_0,dae554,2,LAA,1120,1796,280,449,0.07189,255.0,255.0,255.0,0.9998,180.59,140.05,100.99,140.54,47.43
db268c_0,db268c,11,LAA,1120,3060,280,765,0.0806,255.0,255.0,255.0,1.0,175.92,109.29,72.72,119.31,33.21
dba56f_0,dba56f,4,LAA,1120,1142,280,286,0.2764,255.0,255.0,255.0,0.9999,218.58,169.86,199.07,195.83,12.16
dbd64b_0,dbd64b,5,CE,1120,957,280,239,0.14939,255.0,250.0,255.0,1.0,223.85,125.21,129.78,159.61,16.98
dbecb3_0,dbecb3,11,LAA,1120,3079,280,770,0.11303,243.0,243.0,243.0,0.9429,180.37,129.88,121.36,143.87,24.55
dc8f86_0,dc8f86,5,CE,1120,2822,280,706,0.24711,255.0,255.0,255.0,0.996,146.88,66.27,42.45,85.2,13.72
dc8f86_1,dc8f86,5,CE,1120,3523,280,881,0.14434,255.0,255.0,255.0,0.9985,126.78,55.35,41.61,74.58,15.24
dca376_0,dca376,11,CE,1120,1749,280,437,0.31541,255.0,255.0,255.0,1.0,208.23,161.12,108.69,159.35,26.46
dca3b1_0,dca3b1,11,LAA,1120,1816,280,454,0.1895,243.0,243.0,243.0,0.9474,192.72,147.01,127.93,155.89,21.35
dd05a2_0,dd05a2,9,CE,1120,2093,280,523,0.16177,234.0,216.0,254.0,0.9999,185.69,125.89,68.23,126.61,13.72
dd6316_0,dd6316,2,CE,1120,2191,280,548,0.1515,211.0,226.0,207.0,0.8056,214.91,145.8,123.23,161.31,20.2
de9e4c_0,de9e4c,11,LAA,1120,1624,280,406,0.11272,234.0,216.0,254.0,1.0,167.01,88.36,63.54,106.3,20.03
deec71_0,deec71,10,LAA,1120,2448,280,612,0.19251,255.0,241.0,255.0,0.9998,235.62,156.77,120.75,171.05,11.32
defd00_0,defd00,11,LAA,1120,2700,280,675,0.07128,255.0,241.0,255.0,0.9997,239.71,135.01,112.16,162.29,24.83
df2c0d_0,df2c0d,10,CE,1120,3487,280,872,0.15379,255.0,250.0,255.0,0.9998,220.77,118.67,111.64,150.36,17.13
df4c9c_0,df4c9c,11,CE,1120,2439,280,610,0.09039,255.0,255.0,255.0,0.9999,212.38,113.57,133.42,153.12,18.57
df543d_0,df543d,6,CE,1120,3369,280,842,0.17372,255.0,241.0,255.0,0.9947,214.05,130.71,138.54,161.1,15.34
df543d_1,df543d,6,CE,1120,2441,280,610,0.25188,255.0,241.0,255.0,0.9984,228.17,153.19,179.16,186.84,10.61
dfd99d_0,dfd99d,7,CE,1120,3357,280,839,0.05798,255.0,255.0,255.0,0.9999,184.39,98.59,104.08,129.02,29.38
e0b829_0,e0b829,3,CE,1120,2156,280,539,0.13214,243.0,243.0,243.0,0.9925,182.47,123.74,95.4,133.87,14.73
e0cfd5_0,e0cfd5,11,CE,1120,2291,280,573,0.14791,255.0,255.0,255.0,0.9986,156.63,98.4,96.07,117.03,18.51
e10f49_0,e10f49,3,CE,1120,3378,280,845,0.03924,255.0,241.0,255.0,1.0,233.76,184.32,144.84,187.64,17.59
e10fdb_0,e10fdb,11,LAA,1120,2211,280,553,0.17477,243.0,243.0,243.0,0.9257,191.16,151.76,152.74,165.22,22.59
e251ff_0,e251ff,4,CE,1120,994,280,249,0.11427,255.0,255.0,255.0,1.0,220.2,187.28,130.68,179.39,15.87
e26a04_0,e26a04,3,LAA,1120,2899,280,725,0.00125,255.0,255.0,255.0,1.0,246.39,184.32,168.52,199.74,28.12
e26a04_1,e26a04,3,LAA,1120,1503,280,376,0.05865,255.0,255.0,255.0,1.0,221.2,117.25,90.45,142.97,14.95
e316dd_0,e316dd,4,CE,1120,976,280,244,0.20946,255.0,255.0,255.0,0.9997,215.08,184.24,155.99,185.1,13.5
e316dd_1,e316dd,4,CE,1120,1311,280,328,0.18869,255.0,255.0,255.0,0.9971,208.01,187.27,197.72,197.67,10.36
e3a230_0,e3a230,11,CE,1120,5015,280,1254,0.14486,255.0,255.0,255.0,0.9999,203.16,130.48,84.08,139.24,19.8
e3a24f_0,e3a24f,11,CE,1120,1805,280,451,0.11624,255.0,255.0,255.0,0.9992,220.96,162.51,101.93,161.8,22.92
e3e850_0,e3e850,11,LAA,1120,4792,280,1198,0.05595,243.0,244.0,243.0,0.9781,175.15,120.85,107.95,134.65,27.84
e3f976_0,e3f976,11,CE,1120,2099,280,525,0.13711,255.0,255.0,255.0,0.9999,184.22,109.7,75.45,123.12,25.19
e5bd0b_0,e5bd0b,11,CE,1120,4443,280,1111,0.22488,255.0,255.0,255.0,1.0,180.88,102.48,68.97,117.44,19.45
e5f672_0,e5f672,11,CE,1120,2349,280,587,0.0715,220.0,201.0,255.0,0.6984,152.74,120.93,132.63,135.43,11.52
e60ca1_0,e60ca1,11,CE,1120,3199,280,800,0.12384,255.0,255.0,255.0,1.0,199.78,127.0,118.33,148.37,22.15
e65811_0,e65811,10,CE,1120,3555,280,889,0.18316,254.0,240.0,255.0,0.5298,224.04,117.86,121.52,154.47,10.77
e6764f_0,e6764f,11,LAA,1120,2581,280,645,0.21391,255.0,255.0,255.0,0.9924,196.95,144.74,56.29,132.66,19.88
e6ceb4_0,e6ceb4,10,CE,1120,3401,280,850,0.11558,255.0,255.0,255.0,0.9999,150.79,62.92,48.57,87.42,19.3
e6ceb4_1,e6ceb4,10,CE,1120,2562,280,641,0.11705,255.0,241.0,255.0,0.9998,232.04,126.06,106.93,155.01,18.35
e72352_0,e72352,8,CE,1120,4236,280,1059,0.00112,255.0,255.0,255.0,0.9999,212.0,147.66,133.39,164.35,48.83
e732f6_0,e732f6,1,CE,1120,2167,280,542,0.21393,255.0,241.0,255.0,0.9998,239.73,148.46,71.04,153.08,13.33
e732f6_1,e732f6,1,CE,1120,3369,280,842,0.14936,255.0,241.0,255.0,0.9998,237.71,158.99,76.26,157.65,17.21
e7bec8_0,e7bec8,2,CE,1120,2994,280,749,0.10453,255.0,255.0,255.0,0.9998,240.35,198.43,101.88,180.22,13.23
e7d583_0,e7d583,7,CE,1120,2562,280,641,0.0583,255.0,241.0,255.0,0.9997,231.11,157.07,161.95,183.38,23.65
e8dceb_0,e8dceb,11,CE,1120,8329,280,2082,0.01651,243.0,243.0,243.0,0.9958,176.91,90.18,85.76,117.62,34.52
e96bd3_0,e96bd3,11,CE,1120,1690,280,423,0.14478,255.0,255.0,255.0,0.9999,205.08,165.4,178.63,183.04,20.58
e9c181_0,e9c181,10,CE,1120,3483,280,871,0.18724,255.0,250.0,255.0,0.9998,207.55,152.19,215.17,191.64,12.99
e9c181_1,e9c181,10,CE,1120,3330,280,833,0.14576,255.0,250.0,255.0,0.9998,198.48,140.1,214.02,184.2,23.82
ea2aad_0,ea2aad,8,CE,1120,2385,280,596,0.05736,255.0,255.0,255.0,0.9998,224.1,167.81,132.42,174.78,33.26
eb21f0_0,eb21f0,11,LAA,1120,2018,280,505,0.07574,243.0,243.0,243.0,0.9004,173.93,118.54,99.48,130.65,16.54
eb6733_0,eb6733,11,CE,1120,1679,280,420,0.06513,255.0,255.0,255.0,0.9996,190.09,148.64,103.19,147.31,29.92
ebb225_0,ebb225,11,CE,1120,3091,280,773,0.16643,255.0,255.0,255.0,1.0,192.49,103.56,71.61,122.55,19.42
ebce5d_0,ebce5d,11,CE,1120,2732,280,683,0.18301,255.0,255.0,255.0,0.9999,216.14,171.61,140.91,176.22,19.72
ec3098_0,ec3098,6,CE,1120,4002,280,1001,0.10194,196.0,211.0,192.0,0.8673,204.38,185.97,147.62,179.32,12.21
ed5006_0,ed5006,11,LAA,1120,2416,280,604,0.09043,255.0,255.0,255.0,1.0,218.34,157.93,158.46,178.24,22.23
edc9a4_0,edc9a4,11,LAA,1120,5346,280,1337,0.15465,255.0,255.0,255.0,0.9932,179.37,129.28,49.56,119.4,14.85
eebf8d_0,eebf8d,1,CE,1120,2941,280,735,0.14217,255.0,241.0,255.0,0.9997,235.7,153.44,104.43,164.52,13.67
eebf8d_1,eebf8d,1,CE,1120,1947,280,487,0.13397,255.0,241.0,255.0,0.9997,218.85,133.08,142.4,164.78,17.37
eebf8d_2,eebf8d,1,CE,1120,3263,280,816,0.12732,255.0,241.0,255.0,0.9981,231.16,141.17,123.71,165.35,16.85
ef0c95_0,ef0c95,4,CE,1120,1027,280,257,0.27721,255.0,255.0,255.0,1.0,231.07,209.52,136.85,192.48,11.24
ef1b15_0,ef1b15,10,CE,1120,2213,280,553,0.20152,255.0,250.0,255.0,0.9989,234.01,143.7,53.45,143.72,10.65
ef68ba_0,ef68ba,9,CE,1120,2507,280,627,0.10686,255.0,232.0,250.0,0.7178,226.02,147.31,163.66,179.0,15.89
f05449_0,f05449,11,LAA,1120,2300,280,575,0.17227,243.0,243.0,243.0,0.9736,191.68,149.06,139.0,159.91,14.92
f115aa_0,f115aa,2,CE,1120,4500,280,1125,0.08741,255.0,255.0,255.0,1.0,235.67,185.83,177.84,199.78,14.01
f1f952_0,f1f952,11,CE,1120,3243,280,811,0.05654,255.0,241.0,255.0,0.9968,232.89,88.95,140.3,154.05,15.69
f1f952_1,f1f952,11,CE,1120,2387,280,597,0.02456,255.0,241.0,255.0,0.9991,241.52,153.98,108.32,167.94,20.91
f1f952_2,f1f952,11,CE,1120,4082,280,1021,0.06047,255.0,241.0,255.0,0.9998,240.05,111.25,85.96,145.75,15.12
f27c51_0,f27c51,1,CE,1120,1832,280,458,0.10951,255.0,255.0,255.0,1.0,224.95,136.2,67.94,143.03,14.78
f2aba9_0,f2aba9,11,CE,1120,1608,280,402,0.04329,255.0,255.0,255.0,0.9999,213.44,156.73,174.96,181.71,24.11
f2c002_0,f2c002,9,CE,1120,3425,280,856,0.09543,234.0,216.0,254.0,1.0,207.97,143.68,143.68,165.11,18.79
f322da_0,f322da,11,CE,1120,3329,280,832,0.15778,255.0,255.0,255.0,0.9997,214.79,150.89,158.76,174.81,13.81
f3e9f6_0,f3e9f6,4,LAA,1120,1445,280,361,0.16086,255.0,255.0,255.0,1.0,215.85,184.03,118.63,172.84,27.08
f3e9f6_1,f3e9f6,4,LAA,1120,1444,280,361,0.11352,255.0,255.0,255.0,0.9997,204.08,165.06,122.21,163.78,31.6
f40c69_0,f40c69,11,LAA,1120,2887,280,722,0.04433,255.0,241.0,255.0,0.9998,236.69,202.4,207.63,215.57,9.53
f40c69_1,f40c69,11,LAA,1120,3578,280,895,0.10652,255.0,241.0,255.0,0.9988,235.4,173.42,226.87,211.9,8.84
f40c69_2,f40c69,11,LAA,1120,2373,280,593,0.08589,255.0,241.0,255.0,0.9995,233.3,194.97,124.61,184.29,18.94
f40c69_3,f40c69,11,LAA,1120,1426,280,357,0.07071,255.0,241.0,255.0,0.9995,230.88,171.79,201.34,201.34,14.88
f4287c_0,f4287c,11,CE,1120,934,280,234,0.03718,244.0,244.0,244.0,0.9774,187.63,116.94,110.03,138.2,32.2
f4c9ff_0,f4c9ff,11,CE,1120,2587,280,647,0.11023,255.0,255.0,255.0,0.9999,193.08,99.02,67.28,119.8,19.39
f4d8f8_0,f4d8f8,11,CE,1120,2102,280,526,0.05054,255.0,241.0,255.0,0.9998,222.8,134.5,176.74,178.01,19.35
f56138_0,f56138,4,CE,1120,1821,280,455,0.23518,255.0,255.0,255.0,0.9997,222.52,177.41,161.06,187.0,13.7
f57f2e_0,f57f2e,7,CE,1120,2150,280,538,0.12326,255.0,255.0,255.0,0.9994,221.21,131.88,138.44,163.84,19.1
f58fcb_0,f58fcb,11,CE,1120,2617,280,654,0.1911,243.0,243.0,243.0,0.9945,191.12,114.59,95.15,133.62,14.44
f5ce23_0,f5ce23,3,LAA,1120,4238,280,1060,0.0796,243.0,243.0,243.0,0.9933,202.75,140.23,120.23,154.4,19.64
f75146_0,f75146,1,CE,1120,1663,280,416,0.04137,255.0,255.0,255.0,1.0,230.9,143.83,125.06,166.6,25.44
f75146_1,f75146,1,CE,1120,1837,280,459,0.09341,255.0,255.0,255.0,0.9998,229.22,185.88,189.62,201.57,17.78
f7f1bc_0,f7f1bc,10,CE,1120,3554,280,889,0.18141,255.0,250.0,255.0,0.9999,229.18,123.72,88.43,147.11,13.84
f7fb11_0,f7fb11,11,LAA,1120,1827,280,457,0.09902,255.0,255.0,255.0,0.9999,202.25,126.4,91.3,139.98,27.87
f83bf0_0,f83bf0,1,LAA,1120,1112,280,278,0.27018,255.0,255.0,255.0,0.9996,227.85,187.06,82.66,165.86,25.33
f8712b_0,f8712b,11,CE,1120,2289,280,572,0.0579,255.0,255.0,255.0,0.9999,174.45,131.68,126.02,144.05,31.77
f94fb1_0,f94fb1,11,LAA,1120,2043,280,511,0.14295,220.0,201.0,255.0,0.8354,164.88,141.0,141.2,149.03,13.24
f9569b_0,f9569b,11,CE,1100,1850,280,471,0.18941,255.0,255.0,255.0,1.0,180.5,124.49,98.24,134.41,23.72
f95d8b_0,f95d8b,11,CE,1120,1765,280,441,0.15739,255.0,255.0,255.0,0.9999,221.07,172.96,150.54,181.52,20.83
f95d8b_1,f95d8b,11,CE,1120,2058,280,515,0.19005,255.0,255.0,255.0,1.0,221.1,172.54,149.75,181.13,20.23
f9c105_0,f9c105,11,CE,1120,2247,280,562,0.12429,243.0,243.0,243.0,0.9672,187.46,149.39,142.06,159.64,25.33
f9fc6b_0,f9fc6b,11,LAA,1120,1907,280,477,0.0408,255.0,255.0,255.0,0.9995,205.77,143.37,138.29,162.48,39.41
f9fc6b_1,f9fc6b,11,LAA,1120,1941,280,485,0.09743,255.0,255.0,255.0,1.0,194.3,119.09,115.95,143.11,37.77
fa0080_0,fa0080,10,CE,1120,2649,280,662,0.09243,234.0,216.0,254.0,1.0,211.02,147.6,179.78,179.47,15.3
fa9050_0,fa9050,11,CE,1120,2560,280,640,0.12902,255.0,255.0,255.0,0.9999,210.04,151.48,93.57,151.7,18.14
fa9747_0,fa9747,11,LAA,1120,1897,280,474,0.08787,243.0,243.0,243.0,0.9406,175.41,122.45,112.68,136.85,16.23
fad610_0,fad610,4,CE,1120,997,280,249,0.12669,255.0,255.0,255.0,0.9998,192.22,134.16,163.8,163.4,17.72
fb5f7e_0,fb5f7e,4,CE,1120,1581,280,395,0.0995,255.0,255.0,255.0,0.9997,215.19,171.68,204.8,197.23,18.82
fb5f7e_1,fb5f7e,4,CE,1120,1455,280,364,0.19321,255.0,255.0,255.0,1.0,210.95,174.75,207.51,197.74,14.88
fb8bf8_0,fb8bf8,3,CE,1120,2832,280,708,0.05169,243.0,243.0,243.0,0.9943,167.41,107.85,84.79,120.02,18.78
fbdcde_0,fbdcde,11,LAA,1120,3243,280,811,0.16439,243.0,243.0,243.0,0.9599,187.12,135.58,119.16,147.29,25.11
fbdcde_1,fbdcde,11,LAA,1120,2627,280,657,0.15602,243.0,243.0,243.0,0.9702,182.34,139.22,114.89,145.48,31.12
fbf2eb_0,fbf2eb,10,CE,1120,1878,280,470,0.14399,255.0,250.0,255.0,0.9985,229.83,126.78,75.18,143.93,16.38
fd3079_0,fd3079,7,CE,1120,1477,280,369,0.00204,255.0,241.0,255.0,0.9995,213.95,200.73,231.06,215.25,15.66
fd368e_0,fd368e,10,LAA,1120,1835,280,459,0.14819,255.0,241.0,255.0,0.9995,220.52,132.39,65.58,139.5,18.58
fd418f_0,fd418f,8,CE,1120,3220,280,805,0.09549,255.0,255.0,255.0,0.9999,220.97,159.16,125.92,168.68,24.89
fd684f_0,fd684f,11,LAA,1120,2282,280,571,0.1346,255.0,255.0,255.0,1.0,201.49,129.91,51.33,127.58,18.41
fd7c5b_0,fd7c5b,2,CE,1120,3019,280,755,0.1105,255.0,255.0,255.0,0.9988,241.66,205.11,129.2,191.99,17.24
fdce0f_0,fdce0f,4,CE,1120,935,280,234,0.24489,255.0,255.0,255.0,1.0,233.11,190.24,110.66,178.0,11.09
fdce0f_1,fdce0f,4,CE,1120,1475,280,369,0.21682,255.0,255.0,255.0,1.0,228.06,196.61,150.33,191.67,9.8
fdce0f_2,fdce0f,4,CE,1120,1489,280,372,0.29009,255.0,255.0,255.0,0.9999,176.75,127.66,139.67,148.03,17.34
fde9ba_0,fde9ba,4,LAA,1120,2436,280,609,0.06213,255.0,255.0,255.0,0.9999,220.95,165.03,107.16,164.38,20.91
fdf998_0,fdf998,4,CE,1120,1188,280,297,0.13503,255.0,255.0,255.0,1.0,219.01,196.23,76.42,163.88,25.95
fdf998_1,fdf998,4,CE,1120,1543,280,386,0.33253,255.0,255.0,255.0,0.75,218.71,192.6,81.46,164.26,13.86
fe0cca_0,fe0cca,1,CE,1120,1700,280,425,0.08545,255.0,241.0,255.0,0.9999,219.56,106.43,105.0,143.66,15.07
fe9645_0,fe9645,3,CE,1120,1930,280,483,0.06939,255.0,255.0,255.0,0.9999,216.6,109.4,99.29,141.77,24.91
fe9bec_0,fe9bec,4,LAA,1120,2255,280,564,0.05498,255.0,255.0,255.0,0.9999,209.59,141.71,121.25,157.52,34.81
ff14e0_0,ff14e0,6,CE,1120,2951,280,738,0.1402,196.0,211.0,192.0,0.8234,206.91,173.24,126.58,168.91,10.58
ffec5c_0,ffec5c,7,LAA,1120,2486,280,622,0.14858,255.0,241.0,255.0,0.9972,236.44,176.07,127.27,179.93,15.96
ffec5c_1,ffec5c,7,LAA,1120,2068,280,517,0.07146,255.0,241.0,255.0,0.9997,235.21,145.8,113.95,164.98,20.43
