archivo,bytes
other.csv,11268
other/01f2b3_0.tif,240247484
other/01f2b3_1.tif,216080218
other/02ebd5_0.tif,227109014
other/0412ab_0.tif,281888116
other/04414e_0.tif,20006368
other/04de22_0.tif,210253942
other/065053_0.tif,220412360
other/06556e_0.tif,17766788
other/068883_0.tif,172167384
other/06c0aa_0.tif,3291312004
other/072075_0.tif,125976218
other/0754d2_0.tif,152654484
other/08b8ef_0.tif,172526266
other/0af8b6_0.tif,217892418
other/0b1bdc_0.tif,66872532
other/0b33d7_0.tif,199015318
other/0b33d7_1.tif,199391726
other/0b33d7_2.tif,2556018706
other/0b5827_0.tif,345604692
other/0b5827_1.tif,138715196
other/0b5827_2.tif,457855840
other/0b5827_3.tif,20183296
other/0b5827_4.tif,195618974
other/0bf5f4_0.tif,235234562
other/0d3dba_0.tif,135445618
other/0e03b7_0.tif,155503210
other/0e55e4_0.tif,71326732
other/0f3ad7_0.tif,437761392
other/106450_0.tif,128366230
other/128e6d_0.tif,261771606
other/12a6c2_0.tif,16909980
other/1344f7_0.tif,120615130
other/1344f7_1.tif,113426046
other/1390c7_0.tif,169883646
other/14690c_0.tif,116407646
other/151856_0.tif,1034787842
other/177a67_0.tif,956342542
other/17ccad_0.tif,377276662
other/17e1e9_0.tif,362840166
other/1854bc_0.tif,112096296
other/19f4db_0.tif,286023194
other/1c2637_0.tif,157695580
other/1cc2a5_0.tif,166301518
other/1ed09f_0.tif,103863062
other/1f54ac_0.tif,1638210578
other/1f6f78_0.tif,124544194
other/1f6f78_1.tif,143443966
other/20ce6d_0.tif,722141168
other/20fdde_0.tif,186469262
other/222acf_0.tif,212989558
other/225819_0.tif,1328788766
other/22ee77_0.tif,698074698
other/242d15_0.tif,198103426
other/245489_0.tif,192095454
other/245489_1.tif,354091970
other/24b05b_0.tif,297202488
other/26f366_0.tif,169764846
other/272d47_0.tif,227997974
other/283ec7_0.tif,1230690542
other/28c81f_0.tif,60264322
other/2912a0_0.tif,308235734
other/29dd19_0.tif,45255814
other/2bd704_0.tif,619257396
other/2be4b2_0.tif,8010672
other/2bec37_0.tif,201554664
other/2c3c06_0.tif,2007353648
other/2d3d42_0.tif,210072914
other/2d4021_0.tif,1168053698
other/2e3078_0.tif,162231344
other/2e7cc7_0.tif,76483684
other/2f6742_0.tif,70237898
other/3129bf_0.tif,654476610
other/314263_0.tif,173646222
other/329616_0.tif,231551318
other/331ffd_0.tif,1052152122
other/35c0b2_0.tif,74042704
other/3656f6_0.tif,227770862
other/369a1c_0.tif,458262176
other/37a85d_0.tif,213218494
other/37fd5d_0.tif,192605654
other/38a872_0.tif,67334594
other/38d50b_0.tif,86008692
other/3930ea_0.tif,797626650
other/395b4d_0.tif,491355110
other/3aa5ad_0.tif,187802248
other/3c32af_0.tif,139536404
other/3c32af_1.tif,135134742
other/3d0fee_0.tif,150990926
other/3e0dcd_0.tif,117834642
other/3e0dcd_1.tif,52395426
other/3e4b7c_0.tif,134016882
other/3e8fea_0.tif,53669366
other/3f33f1_0.tif,95303272
other/3f82f0_0.tif,388997840
other/4069f4_0.tif,99026636
other/4179fa_0.tif,112149420
other/419f30_0.tif,184051978
other/4242c6_0.tif,84578548
other/427d2a_0.tif,52095034
other/42e9e9_0.tif,787167550
other/449828_0.tif,100775724
other/44e0c7_0.tif,40523680
other/4573c3_0.tif,563059962
other/45eace_0.tif,105479886
other/46267a_0.tif,285203678
other/481b9a_0.tif,201156460
other/486afe_0.tif,141761556
other/48bf80_0.tif,41820038
other/492d04_0.tif,586772486
other/492d04_1.tif,262144818
other/4ae44b_0.tif,252630920
other/4af223_0.tif,409537644
other/4b3912_0.tif,858648114
other/4e6d75_0.tif,1484617414
other/4ee8b5_0.tif,471219588
other/4f57d5_0.tif,741614388
other/4ff52e_0.tif,327460480
other/507cd9_0.tif,93469210
other/50b53b_0.tif,390703858
other/51cb48_0.tif,119339660
other/51cb48_1.tif,35206032
other/531459_0.tif,323327156
other/53e66f_0.tif,59756878
other/54334d_0.tif,139455492
other/54f526_0.tif,70830428
other/567209_0.tif,175329594
other/57f404_0.tif,166328426
other/5c176b_0.tif,116851676
other/5cb277_0.tif,416026830
other/5df5bc_0.tif,343569286
other/5ffad6_0.tif,70291944
other/60d301_0.tif,112733960
other/618562_0.tif,54750258
other/618de4_0.tif,308018890
other/61d08e_0.tif,319486638
other/61dc58_0.tif,233544778
other/6236da_0.tif,563412372
other/63dfd0_0.tif,650607836
other/646f5e_0.tif,166753790
other/649c4d_0.tif,167288848
other/650403_0.tif,163418470
other/66fa63_0.tif,142884768
other/677df3_0.tif,283139154
other/68019d_0.tif,66055494
other/6848aa_0.tif,80770670
other/6926ff_0.tif,213098954
other/69c587_0.tif,243222430
other/6afbbd_0.tif,100687078
other/6b9b5e_0.tif,784101660
other/6f2ce0_0.tif,21965354
other/6f2ce0_1.tif,57131340
other/6f2ce0_2.tif,65934822
other/6f2ce0_3.tif,13980696
other/6f98cf_0.tif,59986072
other/70483e_0.tif,278117422
other/735353_0.tif,775419974
other/735353_1.tif,387766108
other/74a450_0.tif,186358782
other/74a450_1.tif,85128032
other/76cd9f_0.tif,223511982
other/77d338_0.tif,717459068
other/781c8b_0.tif,661445422
other/7996ea_0.tif,660032532
other/7996ea_1.tif,710272524
other/7a420a_0.tif,657167096
other/7a4a92_0.tif,672515860
other/7a796a_0.tif,214809498
other/7c0249_0.tif,419242934
other/7c2c2f_0.tif,7001214
other/7c2c2f_1.tif,11311938
other/7c7c46_0.tif,930655020
other/7d046b_0.tif,178773186
other/807db0_0.tif,174600482
other/817eb7_0.tif,243518420
other/817eb7_1.tif,217841562
other/81b7e7_0.tif,297211622
other/81cb71_0.tif,1110139232
other/8237f0_0.tif,115856832
other/834b50_0.tif,993445260
other/842627_0.tif,773373324
other/84c279_0.tif,118388474
other/8511c0_0.tif,16942498
other/853363_0.tif,272861036
other/8746ff_0.tif,280228552
other/87a1be_0.tif,88320858
other/87a1be_1.tif,218141578
other/880188_0.tif,333805384
other/880188_1.tif,495176024
other/88492c_0.tif,469776508
other/88510d_0.tif,12052882
other/88510d_1.tif,216591572
other/898048_0.tif,160370666
other/89f30b_0.tif,151656118
other/89f8e6_0.tif,49264500
other/8acdfa_0.tif,346289122
other/8b10b5_0.tif,225510850
other/8e1723_0.tif,276888356
other/8ed18f_0.tif,62535142
other/8f84f7_0.tif,434103944
other/8f84f7_1.tif,483561552
other/8f84f7_2.tif,435895774
other/8ffe98_0.tif,658352780
other/901551_0.tif,89542816
other/901b87_0.tif,550353402
other/904625_0.tif,2081725854
other/90e0fd_0.tif,541905196
other/912e74_0.tif,1913434534
other/91530f_0.tif,270586112
other/9203ad_0.tif,413710450
other/9203ad_1.tif,306256648
other/927cc0_0.tif,836866270
other/929638_0.tif,137042728
other/933b40_0.tif,56070680
other/9402cb_0.tif,343874142
other/94e187_0.tif,503806098
other/95a1e9_0.tif,382135416
other/95a1e9_1.tif,394980094
other/95c270_0.tif,61485834
other/95c270_1.tif,131557680
other/961c57_0.tif,136981350
other/972741_0.tif,63341854
other/9748f4_0.tif,109878560
other/988646_0.tif,254271898
other/98a608_0.tif,112827270
other/993d96_0.tif,217473774
other/99f2ad_0.tif,116141366
other/99f2ad_1.tif,539082932
other/99f2ad_2.tif,122443156
other/9a7001_0.tif,125058044
other/9aea46_0.tif,696709404
other/9b0abd_0.tif,597272742
other/9b6265_0.tif,24129292
other/9da2d2_0.tif,93951272
other/9daa03_0.tif,65286594
other/9ed167_0.tif,48331048
other/a02a47_0.tif,184451140
other/a02a47_1.tif,140631988
other/a0464d_0.tif,438172872
other/a05a98_0.tif,419222260
other/a0da29_0.tif,307879636
other/a0da29_1.tif,33878452
other/a0da29_2.tif,58195326
other/a0e73f_0.tif,369726860
other/a0ebba_0.tif,92000780
other/a1ffd5_0.tif,368681488
other/a2253f_0.tif,231386960
other/a2f9c5_0.tif,162820924
other/a489c5_0.tif,799432508
other/a4b2fc_0.tif,281717980
other/a4e4f2_0.tif,181016136
other/a4fae8_0.tif,223495352
other/a54abc_0.tif,349708754
other/a5e027_0.tif,309904238
other/a61bb0_0.tif,203933298
other/a6c51a_0.tif,262044156
other/a731ca_0.tif,54632234
other/a84a46_0.tif,182198672
other/a90615_0.tif,260215898
other/a90615_1.tif,266001026
other/aa326a_0.tif,169634164
other/aa84d0_0.tif,110925010
other/aa84d0_1.tif,137220072
other/aad433_0.tif,152657096
other/aadfe2_0.tif,414175172
other/aadfe2_1.tif,327511934
other/ab1c91_0.tif,509089420
other/ab830f_0.tif,90176476
other/abe218_0.tif,292250256
other/ad5a22_0.tif,269254482
other/ad7c10_0.tif,150557644
other/ae1836_0.tif,47764350
other/ae3375_0.tif,435989966
other/ae3375_1.tif,79908554
other/ae3375_2.tif,132392794
other/afbd5c_0.tif,1370360914
other/b03a48_0.tif,604203338
other/b1959f_0.tif,1004318278
other/b1d2a5_0.tif,134022402
other/b1eba1_0.tif,272335188
other/b37918_0.tif,80516888
other/b419a4_0.tif,540481092
other/b6128e_0.tif,229034652
other/b6128e_1.tif,129966308
other/b63eb6_0.tif,86065488
other/b6f5d1_0.tif,348906596
other/b83868_0.tif,238746972
other/b85599_0.tif,21126970
other/b85599_1.tif,14585076
other/b8c83e_0.tif,277333602
other/b93972_0.tif,45403708
other/b93f32_0.tif,353689002
other/b98c89_0.tif,183989318
other/bb9a2c_0.tif,1169890268
other/bce5c9_0.tif,48195860
other/bd1c21_0.tif,53622532
other/bd5635_0.tif,633398800
other/bde458_0.tif,62955900
other/be26dc_0.tif,48839236
other/be26dc_1.tif,189675742
other/c11d0b_0.tif,214904422
other/c21873_0.tif,569056156
other/c4e414_0.tif,181876238
other/c5a7fa_0.tif,410999854
other/c6120e_0.tif,727396012
other/c640c7_0.tif,74262014
other/cac0bc_0.tif,97187078
other/cca9eb_0.tif,78740550
other/cca9eb_1.tif,38676580
other/ccba06_0.tif,488450806
other/ce4de6_0.tif,552980660
other/ce83d9_0.tif,143602218
other/ce8419_0.tif,194029942
other/cf4118_0.tif,171792114
other/d15ee7_0.tif,815527682
other/d17ad3_0.tif,909776568
other/d17ad3_1.tif,460378844
other/d17ad3_2.tif,438745672
other/d17ad3_3.tif,168209438
other/d1e5c0_0.tif,2326880640
other/d39bc4_0.tif,226924938
other/d412d3_0.tif,66606972
other/d412d3_1.tif,72024904
other/d4a875_0.tif,149782986
other/d5f27b_0.tif,356875552
other/d603b8_0.tif,141489348
other/d603b8_1.tif,132430620
other/d7c7ad_0.tif,26306304
other/d7c7ad_1.tif,69607862
other/d86f42_0.tif,2173257266
other/d86f42_1.tif,2532303660
other/d8716b_0.tif,59985798
other/d92c2c_0.tif,722024204
other/d95250_0.tif,697666966
other/d9c963_0.tif,124800046
other/d9c963_1.tif,457169170
other/d9c963_2.tif,188174472
other/d9fca7_0.tif,231386204
other/da3812_0.tif,238009846
other/dadf4d_0.tif,213782990
other/daf219_0.tif,62612384
other/dbbed3_0.tif,732595706
other/dbff63_0.tif,160359902
other/dc4595_0.tif,241636538
other/dd187c_0.tif,768913224
other/dd3280_0.tif,58524072
other/ddf2ae_0.tif,77691392
other/de3a2f_0.tif,218760452
other/def06b_0.tif,34191666
other/df1786_0.tif,180875544
other/df538d_0.tif,168707430
other/dfb04d_0.tif,1781608530
other/dfd3d2_0.tif,42387626
other/e2c57d_0.tif,237234508
other/e2c57d_1.tif,755038308
other/e2d4f1_0.tif,38187688
other/e33853_0.tif,181703324
other/e33853_1.tif,87734192
other/e3d7c6_0.tif,425890442
other/e3faa4_0.tif,357574196
other/e44733_0.tif,51272654
other/e44733_1.tif,133063222
other/e475de_0.tif,423550898
other/e5f770_0.tif,371866204
other/e87012_0.tif,369107776
other/e95ef0_0.tif,337425906
other/e98ab2_0.tif,150221662
other/eb5e78_0.tif,77239262
other/ec5124_0.tif,157598968
other/ecfb14_0.tif,74428224
other/ecfb14_1.tif,174457788
other/eea608_0.tif,1119307448
other/ef4c2c_0.tif,265653764
other/efce98_0.tif,80960750
other/efead4_0.tif,55580136
other/f0f582_0.tif,154883360
other/f1756e_0.tif,160956748
other/f1ebd4_0.tif,283638060
other/f236f5_0.tif,159165544
other/f2b07d_0.tif,137852502
other/f5c55c_0.tif,64814556
other/f5eb8f_0.tif,375875316
other/f5eb8f_1.tif,269063810
other/f6d50c_0.tif,215261018
other/f770da_0.tif,214976894
other/f7d64b_0.tif,402407700
other/f88aef_0.tif,195416656
other/f8f4a8_0.tif,87032248
other/f942d2_0.tif,276770652
other/f9492d_0.tif,1594176176
other/f9492d_1.tif,1540029342
other/f9f822_0.tif,205429996
other/faaa7e_0.tif,444396860
other/fd0f11_0.tif,193546886
other/fd0f11_1.tif,70763542
other/fd83c3_0.tif,410759298
other/febb2b_0.tif,244904732
sample_submission.csv,78
test.csv,124
test/006388_0.tif,1312937514
test/008e5c_0.tif,109571430
test/00c058_0.tif,351760030
test/01adc5_0.tif,679166312
train.csv,17896
train/006388_0.tif,1312937514
train/008e5c_0.tif,109571430
train/00c058_0.tif,351760030
train/01adc5_0.tif,679166312
train/026c97_0.tif,61207840
train/028989_0.tif,1721260346
train/029c68_0.tif,426154430
train/032f10_0.tif,92759536
train/0372b0_0.tif,45770204
train/037300_0.tif,604650416
train/03d1ec_0.tif,237111192
train/03e6b7_0.tif,116698320
train/0415c3_0.tif,930049526
train/04439c_0.tif,194495126
train/045eb0_0.tif,205238218
train/0468a8_0.tif,329243368
train/0468a8_1.tif,755521776
train/049194_0.tif,300571918
train/049194_1.tif,262719124
train/04f7a4_0.tif,244208856
train/055f6a_0.tif,266330932
train/05a1ec_0.tif,424442692
train/062387_0.tif,768319630
train/070fe0_0.tif,213725786
train/08d3d8_0.tif,121702428
train/09644e_0.tif,379368950
train/09644e_1.tif,390673158
train/09644e_2.tif,249416058
train/09644e_3.tif,323892416
train/09644e_4.tif,109959448
train/098f15_0.tif,238455880
train/0a3ad1_0.tif,384275312
train/0a47c9_0.tif,1278802750
train/0aaeb3_0.tif,81554070
train/0aff58_0.tif,64242396
train/0b25f8_0.tif,180076232
train/0b7871_0.tif,452208136
train/0b7871_1.tif,478411972
train/0b7cc8_0.tif,119927790
train/0ba49d_0.tif,675276716
train/0bd414_0.tif,280132352
train/0bddf9_0.tif,915680116
train/0c60b8_0.tif,119429656
train/0cc0bc_0.tif,58072668
train/0d4164_0.tif,736359716
train/0d533f_0.tif,578632370
train/0d718a_0.tif,393880072
train/0d93ce_0.tif,1190565914
train/0df5f8_0.tif,139625168
train/0e4dac_0.tif,1606369692
train/0e696a_0.tif,316331378
train/0e696a_1.tif,59084146
train/0ed87f_0.tif,26548264
train/0ed87f_1.tif,76441588
train/0ee750_0.tif,277388732
train/0ee750_1.tif,124226416
train/0f2961_0.tif,327648634
train/0fcfe9_0.tif,442099456
train/0ff6fc_0.tif,182127096
train/0ff890_0.tif,21347118
train/112b6e_0.tif,138093918
train/112b6e_1.tif,618651258
train/113bb3_0.tif,48738406
train/129102_0.tif,188707044
train/1295bb_0.tif,165029820
train/12c8c9_0.tif,165552078
train/13f372_0.tif,1843767106
train/140d1a_0.tif,211776390
train/14d2fa_0.tif,333913046
train/15aab4_0.tif,70477228
train/15de51_0.tif,221513748
train/162cad_0.tif,232875168
train/1764ff_0.tif,280160110
train/194e3f_0.tif,110433278
train/19b036_0.tif,342239340
train/19b036_1.tif,225632864
train/19dd95_0.tif,351641964
train/1a2e9e_0.tif,241803236
train/1b86c5_0.tif,130922290
train/1bbcba_0.tif,272384212
train/1d0518_0.tif,232266734
train/1d1bf0_0.tif,289513098
train/1d5335_0.tif,59809822
train/1d6d4f_0.tif,295378698
train/1db82d_0.tif,236030886
train/1db82d_1.tif,303186012
train/1ec69e_0.tif,266584568
train/1ef6da_0.tif,770095882
train/1f018f_0.tif,73585442
train/1f9d4f_0.tif,825209310
train/1f9d4f_1.tif,299382260
train/1fe0c4_0.tif,223952438
train/1ffc5d_0.tif,345197872
train/205025_0.tif,787384762
train/20914b_0.tif,352381820
train/20d5cf_0.tif,78220846
train/214cfa_0.tif,251508552
train/214cfa_1.tif,574428686
train/21726e_0.tif,206621132
train/217b27_0.tif,233352504
train/21b106_0.tif,93201890
train/2244d2_0.tif,1939005288
train/2268cf_0.tif,171699288
train/2394f6_0.tif,403643022
train/23b492_0.tif,38728932
train/23d2c1_0.tif,412899408
train/23d2c1_1.tif,326104138
train/23d2c1_2.tif,355850394
train/2446b8_0.tif,184303782
train/244aeb_0.tif,22073506
train/244aeb_1.tif,24161774
train/244aeb_2.tif,43529562
train/245758_0.tif,1250491448
train/24f8f5_0.tif,305614404
train/250944_0.tif,51653462
train/251bfc_0.tif,161675610
train/251c77_0.tif,186143192
train/2745fc_0.tif,318808270
train/27afc7_0.tif,101783414
train/280c26_0.tif,31452262
train/280c26_1.tif,83503594
train/282d0a_0.tif,121638728
train/283f35_0.tif,147500936
train/288156_0.tif,2233503186
train/291099_0.tif,203042198
train/29a4f6_0.tif,237524318
train/29b1b7_0.tif,148994538
train/2a25b9_0.tif,49536320
train/2a25cf_0.tif,661105406
train/2b49d6_0.tif,26011764
train/2b7304_0.tif,380125142
train/2b7304_1.tif,298802170
train/2b7304_2.tif,354679920
train/2bcdd9_0.tif,705854776
train/2bd8fe_0.tif,1037142350
train/2c64b2_0.tif,275369946
train/2c8b18_0.tif,64853670
train/2db520_0.tif,983264334
train/2e3749_0.tif,83629614
train/2e725a_0.tif,122266052
train/2e7d16_0.tif,857848444
train/2e8763_0.tif,116105052
train/2eb2d7_0.tif,279360342
train/2ecb46_0.tif,177270702
train/2f4974_0.tif,357026552
train/2f73a2_0.tif,395166538
train/300145_0.tif,515904378
train/3020ef_0.tif,2019476964
train/313d30_0.tif,256008392
train/3152c0_0.tif,81028532
train/31588e_0.tif,321181962
train/31adaa_0.tif,207518936
train/31adaa_1.tif,216911808
train/329006_0.tif,65208694
train/32e44f_0.tif,25872718
train/33d071_0.tif,240158166
train/33d2a7_0.tif,363061516
train/33da32_0.tif,139330566
train/34a278_0.tif,43006932
train/34c9bc_0.tif,302740246
train/354f74_0.tif,453390852
train/355354_0.tif,477687376
train/355354_1.tif,483894890
train/35b75a_0.tif,205529186
train/366fd0_0.tif,395021568
train/369366_0.tif,69455716
train/36a149_0.tif,631788434
train/37258c_0.tif,268213206
train/376cf6_0.tif,99307638
train/379f1c_0.tif,222655158
train/383f05_0.tif,458825084
train/384052_0.tif,228847824
train/392b24_0.tif,281687562
train/395ea0_0.tif,167451492
train/3982bf_0.tif,1894761500
train/3a230b_0.tif,293591394
train/3ab087_0.tif,125157330
train/3ad0bb_0.tif,87244338
train/3b2c59_0.tif,417278038
train/3b7d81_0.tif,925607978
train/3bc9c9_0.tif,431499804
train/3bfe64_0.tif,180334042
train/3c2c23_0.tif,1589098772
train/3cbdf3_0.tif,228092666
train/3d10be_0.tif,67058800
train/3d10be_1.tif,52222802
train/3d10be_2.tif,51435560
train/3d10be_3.tif,88486010
train/3d10be_4.tif,35335500
train/3d80c7_0.tif,161800968
train/3ee426_0.tif,355192112
train/3fe88b_0.tif,414175172
train/3fe8a3_0.tif,309488916
train/4094c4_0.tif,539671380
train/4188be_0.tif,438832122
train/41b23c_0.tif,336593230
train/41b4ea_0.tif,111597004
train/41b4ea_1.tif,140672820
train/41db5b_0.tif,456526506
train/424c9d_0.tif,815424410
train/42529f_0.tif,243630936
train/437435_0.tif,52612338
train/437435_1.tif,219036892
train/43c62b_0.tif,133368518
train/43eacb_0.tif,253468664
train/4550fb_0.tif,158982484
train/45a0e5_0.tif,175826360
train/45a0e5_1.tif,86048816
train/45c6ce_0.tif,305638568
train/45e3e0_0.tif,140748542
train/464289_0.tif,96352668
train/4647d7_0.tif,204332122
train/4667f6_0.tif,183048986
train/46def4_0.tif,157892818
train/46e479_0.tif,328156386
train/4763a7_0.tif,93362694
train/481ba8_0.tif,100342738
train/488cd4_0.tif,435925086
train/48af1a_0.tif,497741708
train/4919a7_0.tif,739250262
train/4929cd_0.tif,417887888
train/497c27_0.tif,153889480
train/49ea39_0.tif,253544908
train/4a1152_0.tif,674598506
train/4a4043_0.tif,508952582
train/4b8777_0.tif,303585464
train/4bfb94_0.tif,270837466
train/4c284f_0.tif,281400892
train/4d15a9_0.tif,116503654
train/4ded24_0.tif,7368526
train/4dfe1e_0.tif,139327180
train/4e30e9_0.tif,86047660
train/4f49c1_0.tif,24372768
train/4f6fb1_0.tif,236253180
train/4f6fb1_1.tif,59463828
train/4f6fb1_2.tif,348181670
train/4f6fb1_3.tif,186087408
train/4f7d1c_0.tif,437423740
train/4f9678_0.tif,366931768
train/4f9ac6_0.tif,40116502
train/507ac9_0.tif,353480624
train/508589_0.tif,171552930
train/509042_0.tif,402631516
train/50ba15_0.tif,315278790
train/510d2e_0.tif,79011772
train/512856_0.tif,547123074
train/516e18_0.tif,151740998
train/516e18_1.tif,49768766
train/526dba_0.tif,278109912
train/52bc2d_0.tif,412755384
train/52d106_0.tif,201266312
train/533081_0.tif,19841062
train/533081_1.tif,467064294
train/533081_2.tif,101168598
train/533a49_0.tif,126203384
train/53845a_0.tif,1351333540
train/53845a_1.tif,403161372
train/53e0d7_0.tif,139725984
train/540410_0.tif,52210026
train/5415fe_0.tif,78478190
train/547474_0.tif,675057194
train/54838a_0.tif,166133102
train/54ddc7_0.tif,310497934
train/557c4b_0.tif,173876088
train/55809c_0.tif,336199098
train/5588f9_0.tif,208659692
train/5619c3_0.tif,62745524
train/5671c1_0.tif,170925860
train/56d177_0.tif,16684390
train/56d177_1.tif,93411504
train/56d177_2.tif,14067254
train/56d177_3.tif,42650084
train/56d177_4.tif,32786436
train/579988_0.tif,215362968
train/588e11_0.tif,138955528
train/59441e_0.tif,330435048
train/5987c0_0.tif,66277796
train/5987c0_1.tif,140501932
train/5987c0_2.tif,204515516
train/5987c0_3.tif,101714866
train/599e16_0.tif,1222243334
train/5adc4c_0.tif,77028220
train/5ae30a_0.tif,463907312
train/5aec9b_0.tif,244895374
train/5bfaf8_0.tif,1702764072
train/5c30ec_0.tif,385440586
train/5c92f8_0.tif,270853928
train/5cae18_0.tif,133589070
train/5cae18_1.tif,103800052
train/5d3738_0.tif,238967158
train/5d4b88_0.tif,112387000
train/5d4b88_1.tif,62888744
train/5d819a_0.tif,427598188
train/5d819a_1.tif,84662592
train/5f0b6f_0.tif,62472152
train/5f3f01_0.tif,327263358
train/5f4bd3_0.tif,668427532
train/5f520a_0.tif,32706164
train/5f520a_1.tif,47540624
train/5f5dc0_0.tif,138921098
train/5fde88_0.tif,98720448
train/5fdff2_0.tif,203202872
train/6015f7_0.tif,592376842
train/60a950_0.tif,667809514
train/611a50_0.tif,247550036
train/615d87_0.tif,196103572
train/616c62_0.tif,226672224
train/616c62_1.tif,527686708
train/623f89_0.tif,399912754
train/62dd90_0.tif,62025774
train/634e2f_0.tif,1489939110
train/63f341_0.tif,379546934
train/64d167_0.tif,242275440
train/652471_0.tif,136169720
train/6569ba_0.tif,93380280
train/658beb_0.tif,184950768
train/658beb_1.tif,295238338
train/65aadd_0.tif,389305840
train/65d1b4_0.tif,152714236
train/65fe16_0.tif,11654654
train/6670b9_0.tif,537190450
train/6674a4_0.tif,474043300
train/673181_0.tif,67738070
train/6747be_0.tif,152450906
train/6747be_1.tif,164206906
train/68eb0e_0.tif,120548268
train/690b81_0.tif,347349858
train/69450f_0.tif,124238570
train/69d655_0.tif,270744064
train/6baf51_0.tif,1833979850
train/6baf51_1.tif,1247413024
train/6c4b62_0.tif,241356574
train/6ce894_0.tif,286948866
train/6e08cb_0.tif,271084080
train/6e211d_0.tif,135717650
train/6e6d49_0.tif,42856974
train/6f6e0c_0.tif,130265410
train/6f9575_0.tif,175866652
train/6fac27_0.tif,33777442
train/6fce60_0.tif,2828933566
train/6fe1f2_0.tif,316009298
train/709b79_0.tif,389600654
train/70c523_0.tif,83297014
train/70c523_1.tif,10660626
train/70c523_2.tif,159095156
train/70f515_0.tif,839662998
train/719165_0.tif,352388902
train/72df9e_0.tif,217563260
train/72df9e_1.tif,197264096
train/72ead5_0.tif,402426838
train/73c9a4_0.tif,428679448
train/7428fc_0.tif,82124896
train/75e090_0.tif,122637834
train/75ee44_0.tif,150619886
train/7633ea_0.tif,26147198
train/777311_0.tif,224141834
train/777311_1.tif,119156460
train/78c1c9_0.tif,160071008
train/79753f_0.tif,201897282
train/79ae8d_0.tif,566826846
train/79ae8d_1.tif,443936666
train/79d1c1_0.tif,126530596
train/79d1c1_1.tif,119792380
train/79d52a_0.tif,341026600
train/79d52a_1.tif,390152914
train/79e30d_0.tif,269996216
train/7a9bc8_0.tif,216272656
train/7b9aaa_0.tif,40510846
train/7bc484_0.tif,412473398
train/7c2739_0.tif,302310050
train/7cf058_0.tif,325856388
train/7dd82f_0.tif,317827140
train/7dd82f_1.tif,41496234
train/7e9a65_0.tif,52769340
train/7f2ee2_0.tif,97184892
train/7f343b_0.tif,62494002
train/7f3781_0.tif,562089554
train/7fa91f_0.tif,156306514
train/7fa91f_1.tif,76736982
train/7fd9f4_0.tif,276327744
train/802de5_0.tif,283473588
train/804f15_0.tif,212837124
train/80cc1b_0.tif,75801462
train/81092a_0.tif,252808160
train/81eb29_0.tif,327938928
train/820c9f_0.tif,776290432
train/821964_0.tif,435342514
train/82399d_0.tif,36620372
train/82399d_1.tif,468659776
train/82399d_2.tif,57025778
train/82653f_0.tif,457350338
train/827928_0.tif,683856780
train/827928_1.tif,828098646
train/83198b_0.tif,704229158
train/83ae16_0.tif,55875878
train/83bfad_0.tif,118265382
train/83cedb_0.tif,2167010414
train/8408a6_0.tif,69483150
train/845d82_0.tif,1215900530
train/84f77e_0.tif,89767892
train/856ae6_0.tif,40572114
train/85868f_0.tif,66255764
train/862501_0.tif,317799918
train/862501_1.tif,230499192
train/86696d_0.tif,828037656
train/868720_0.tif,612592568
train/86e319_0.tif,31366048
train/86e319_1.tif,512327488
train/86e319_2.tif,29763092
train/8768db_0.tif,73009408
train/8781e2_0.tif,144980346
train/880f54_0.tif,1142944266
train/88623d_0.tif,290571980
train/89933b_0.tif,111155314
train/8a17b7_0.tif,94391534
train/8b3323_0.tif,34951598
train/8b90fa_0.tif,314105630
train/8be762_0.tif,382856998
train/8c24eb_0.tif,148791418
train/8cf32b_0.tif,107114914
train/8d60c1_0.tif,350518594
train/8e0244_0.tif,235906458
train/8e0684_0.tif,112700628
train/8ebb0c_0.tif,382721442
train/8f71df_0.tif,467920328
train/8fa951_0.tif,131553466
train/8fc6d5_0.tif,48938134
train/8fe2eb_0.tif,395407304
train/9010a1_0.tif,294183888
train/907f7b_0.tif,483835286
train/90ffa4_0.tif,131652678
train/90ffa4_1.tif,70169228
train/915264_0.tif,350770016
train/91b9d3_0.tif,21162380
train/91b9d3_1.tif,91730554
train/91b9d3_2.tif,68698934
train/91b9d3_3.tif,431785988
train/91b9d3_4.tif,295434012
train/91fee7_0.tif,18181218
train/931cea_0.tif,120479958
train/931cea_1.tif,90012524
train/9452da_0.tif,974341020
train/949107_0.tif,245023868
train/957643_0.tif,115134484
train/977a49_0.tif,424505992
train/98123e_0.tif,374596800
train/983df1_0.tif,321041480
train/9874eb_0.tif,941956192
train/988131_0.tif,137735926
train/98db2b_0.tif,176783436
train/991ad1_0.tif,12770436
train/992abf_0.tif,1064161654
train/9961af_0.tif,87604972
train/99c5c8_0.tif,1098436166
train/9a807e_0.tif,237414330
train/9cc010_0.tif,218205122
train/9d609a_0.tif,196802336
train/9d71ef_0.tif,228277124
train/9dd7d8_0.tif,114892636
train/9de0fa_0.tif,151346314
train/9e06cb_0.tif,37621294
train/9eda1d_0.tif,189482054
train/9ee0e2_0.tif,185327088
train/9efc03_0.tif,181189702
train/9f0f05_0.tif,238225768
train/9f305c_0.tif,57899000
train/9f7649_0.tif,168337996
train/9f7649_1.tif,205140952
train/9f84c0_0.tif,151927898
train/9fa03a_0.tif,44113620
train/9fc787_0.tif,416846592
train/9fd56b_0.tif,211435648
train/9fdc31_0.tif,213219514
train/a1f13b_0.tif,108727496
train/a22718_0.tif,1149864026
train/a24fac_0.tif,172368726
train/a26055_0.tif,248127016
train/a26055_1.tif,348394014
train/a26055_2.tif,518133048
train/a2b566_0.tif,159799804
train/a2c497_0.tif,38982466
train/a3a4cb_0.tif,51490906
train/a45b72_0.tif,146788290
train/a45bac_0.tif,527086816
train/a4c7df_0.tif,449149588
train/a4c877_0.tif,578194234
train/a4c877_1.tif,79039540
train/a4c877_2.tif,1148884226
train/a4c877_3.tif,528314680
train/a4e918_0.tif,269376154
train/a59c0d_0.tif,636262926
train/a59c0d_1.tif,474511752
train/a6f5ae_0.tif,82978022
train/a95219_0.tif,240128474
train/a9573c_0.tif,90760492
train/a96be4_0.tif,371911480
train/a975ab_0.tif,71981212
train/a975ab_1.tif,47688056
train/a9c427_0.tif,91846340
train/aa2f56_0.tif,201435148
train/ab1b6e_0.tif,907273056
train/abc4a3_0.tif,113002774
train/abc4a3_1.tif,136929178
train/abc4a3_2.tif,105049786
train/abc682_0.tif,108950036
train/abfcb7_0.tif,633007334
train/ac2147_0.tif,54265474
train/adc6e3_0.tif,181372708
train/ae0487_0.tif,178654008
train/ae26ae_0.tif,553204996
train/aeb3bd_0.tif,199912736
train/af4dd6_0.tif,79728180
train/af7a93_0.tif,77593362
train/b01110_0.tif,308623320
train/b07b42_0.tif,2795473366
train/b1e363_0.tif,1562519366
train/b1e363_1.tif,1854513680
train/b1f248_0.tif,152720032
train/b21b87_0.tif,56606706
train/b25f2b_0.tif,710193202
train/b342b0_0.tif,831609352
train/b3c755_0.tif,133350316
train/b43ebe_0.tif,14123170
train/b43ebe_1.tif,426441046
train/b46f3b_0.tif,1134963036
train/b4a34d_0.tif,274484652
train/b525a8_0.tif,323419516
train/b5aece_0.tif,239927862
train/b6cfea_0.tif,59283716
train/b6f1e9_0.tif,461672212
train/b6fffe_0.tif,187673288
train/b7f78e_0.tif,182151284
train/b894f4_0.tif,2770328890
train/b8ef90_0.tif,384207824
train/b948e8_0.tif,204973998
train/ba8305_0.tif,489309572
train/baa4c4_0.tif,71459632
train/bb06a5_0.tif,69612440
train/bbc5b1_0.tif,448296752
train/bc9536_0.tif,167144008
train/bd0cea_0.tif,141590690
train/bd783d_0.tif,121850696
train/bd783d_1.tif,77845974
train/bdf3c2_0.tif,247123112
train/bec7ca_0.tif,120856004
train/bf1599_0.tif,99614190
train/bff862_0.tif,196995536
train/c01d28_0.tif,331174014
train/c01d28_1.tif,303258882
train/c07ca9_0.tif,704285694
train/c12836_0.tif,65957514
train/c12836_1.tif,308732830
train/c1b288_0.tif,95431830
train/c1b699_0.tif,222625934
train/c1cf0d_0.tif,186841234
train/c30f14_0.tif,149843722
train/c30f14_1.tif,193905670
train/c31442_0.tif,9960964
train/c32d76_0.tif,718385956
train/c32d76_1.tif,95719588
train/c32d76_2.tif,48288540
train/c3a1a5_0.tif,104282038
train/c3f2f8_0.tif,343794820
train/c42387_0.tif,69614048
train/c4a601_0.tif,445847512
train/c4da19_0.tif,446349924
train/c5d171_0.tif,629816640
train/c5e687_0.tif,501915114
train/c61b26_0.tif,52800378
train/c63918_0.tif,102245692
train/c65db4_0.tif,285021288
train/c65db4_1.tif,187372148
train/c68551_0.tif,267266332
train/c6c758_0.tif,524878334
train/c78d6b_0.tif,40067860
train/c8912e_0.tif,1363697882
train/c92b51_0.tif,75995968
train/c97365_0.tif,263446750
train/c9ab6c_0.tif,1166477454
train/c9d53d_0.tif,371208740
train/ca2f66_0.tif,111251968
train/ca7b57_0.tif,32802096
train/caf901_0.tif,62999716
train/cb1293_0.tif,1704401736
train/cb2534_0.tif,373547848
train/cb2534_1.tif,495559730
train/cb4f8e_0.tif,667490880
train/cb4f8e_1.tif,523857066
train/cc73c0_0.tif,785766696
train/cde001_0.tif,109099886
train/cff1ce_0.tif,77200988
train/d03362_0.tif,279257800
train/d13031_0.tif,341324824
train/d1da59_0.tif,221320226
train/d20177_0.tif,115334664
train/d23cd1_0.tif,239905502
train/d24672_0.tif,432317418
train/d25a2f_0.tif,306673306
train/d2c18a_0.tif,288378744
train/d2e447_0.tif,55465584
train/d33b23_0.tif,214509122
train/d346ca_0.tif,546721970
train/d36b5f_0.tif,206563418
train/d380dc_0.tif,850379992
train/d3d21b_0.tif,239633518
train/d44b91_0.tif,150335304
train/d44b91_1.tif,361740640
train/d4791c_0.tif,49297750
train/d4ac9a_0.tif,190119632
train/d4c955_0.tif,16831284
train/d4c955_1.tif,47959152
train/d4dc4f_0.tif,1584444474
train/d53809_0.tif,275955836
train/d53ab7_0.tif,1240301166
train/d5c637_0.tif,633223538
train/d62b1d_0.tif,1249609152
train/d6525e_0.tif,750092376
train/d74701_0.tif,359187370
train/d74701_1.tif,283865382
train/d7a20d_0.tif,302770882
train/d7dc3e_0.tif,38094262
train/d7dcea_0.tif,150123292
train/d862da_0.tif,121565696
train/d8a746_0.tif,685686178
train/d8db68_0.tif,195766388
train/d91d0f_0.tif,297135286
train/d923a7_0.tif,440978100
train/d93fd8_0.tif,268244600
train/d98dc9_0.tif,347148328
train/da732b_0.tif,306296146
train/dae554_0.tif,65177620
train/db268c_0.tif,454740224
train/dba56f_0.tif,74383568
train/dbd64b_0.tif,30243948
train/dbecb3_0.tif,1119963752
train/dc8f86_0.tif,271840266
train/dc8f86_1.tif,313360642
train/dca376_0.tif,1171042232
train/dca3b1_0.tif,1991975030
train/dd05a2_0.tif,488807844
train/dd6316_0.tif,125032602
train/de9e4c_0.tif,127397504
train/deec71_0.tif,291611904
train/defd00_0.tif,436710290
train/df2c0d_0.tif,79227086
train/df4c9c_0.tif,64398294
train/df543d_0.tif,341211154
train/df543d_1.tif,181671446
train/dfd99d_0.tif,194354096
train/e0b829_0.tif,489637298
train/e0cfd5_0.tif,278252442
train/e10f49_0.tif,119397370
train/e10fdb_0.tif,2033669226
train/e251ff_0.tif,89791622
train/e26a04_0.tif,15716254
train/e26a04_1.tif,64006686
train/e316dd_0.tif,324866746
train/e316dd_1.tif,405452482
train/e3a230_0.tif,147935946
train/e3a24f_0.tif,824701600
train/e3e850_0.tif,802639350
train/e3f976_0.tif,233728112
train/e5bd0b_0.tif,135955230
train/e5f672_0.tif,421298886
train/e60ca1_0.tif,122171026
train/e65811_0.tif,162824834
train/e6764f_0.tif,796854832
train/e6ceb4_0.tif,50062394
train/e6ceb4_1.tif,103150144
train/e72352_0.tif,26801298
train/e732f6_0.tif,641030776
train/e732f6_1.tif,262081958
train/e7bec8_0.tif,103299028
train/e7d583_0.tif,150590408
train/e8dceb_0.tif,289157286
train/e96bd3_0.tif,838899406
train/e9c181_0.tif,184357704
train/e9c181_1.tif,374974618
train/ea2aad_0.tif,380300676
train/eb21f0_0.tif,425615830
train/eb6733_0.tif,129174524
train/ebb225_0.tif,478886188
train/ebce5d_0.tif,165207932
train/ec3098_0.tif,175946350
train/ed5006_0.tif,116351542
train/edc9a4_0.tif,534272556
train/eebf8d_0.tif,330318724
train/eebf8d_1.tif,132740140
train/eebf8d_2.tif,201507050
train/ef0c95_0.tif,44497568
train/ef1b15_0.tif,237545328
train/ef68ba_0.tif,216874910
train/f05449_0.tif,2414022844
train/f115aa_0.tif,162378154
train/f1f952_0.tif,27060706
train/f1f952_1.tif,42345070
train/f1f952_2.tif,31580950
train/f27c51_0.tif,229293226
train/f2aba9_0.tif,96402794
train/f2c002_0.tif,120093436
train/f322da_0.tif,551320668
train/f3e9f6_0.tif,21039400
train/f3e9f6_1.tif,58249520
train/f40c69_0.tif,105704914
train/f40c69_1.tif,114639264
train/f40c69_2.tif,326264752
train/f40c69_3.tif,162026538
train/f4287c_0.tif,317264386
train/f4c9ff_0.tif,201653990
train/f4d8f8_0.tif,60738002
train/f56138_0.tif,185793444
train/f57f2e_0.tif,568367786
train/f58fcb_0.tif,1183302424
train/f5ce23_0.tif,700746792
train/f75146_0.tif,100516486
train/f75146_1.tif,236363258
train/f7f1bc_0.tif,149992394
train/f7fb11_0.tif,184590372
train/f83bf0_0.tif,806054116
train/f8712b_0.tif,116526082
train/f94fb1_0.tif,682578302
train/f9569b_0.tif,1566309064
train/f95d8b_0.tif,460235370
train/f95d8b_1.tif,450187518
train/f9c105_0.tif,714341920
train/f9fc6b_0.tif,298404072
train/f9fc6b_1.tif,129000748
train/fa0080_0.tif,87929512
train/fa9050_0.tif,122033606
train/fa9747_0.tif,679272478
train/fad610_0.tif,84660226
train/fb5f7e_0.tif,25222308
train/fb5f7e_1.tif,40248068
train/fb8bf8_0.tif,484518726
train/fbdcde_0.tif,2069101282
train/fbdcde_1.tif,2223778718
train/fbf2eb_0.tif,167977460
train/fd3079_0.tif,12065798
train/fd368e_0.tif,371201970
train/fd418f_0.tif,386477862
train/fd684f_0.tif,903197050
train/fd7c5b_0.tif,352678886
train/fdce0f_0.tif,65810178
train/fdce0f_1.tif,71795928
train/fdce0f_2.tif,76566620
train/fde9ba_0.tif,99393510
train/fdf998_0.tif,324149998
train/fdf998_1.tif,379165258
train/fe0cca_0.tif,114523124
train/fe9645_0.tif,127159342
train/fe9bec_0.tif,405410526
train/ff14e0_0.tif,190918260
train/ffec5c_0.tif,645899780
train/ffec5c_1.tif,162890578
