image_id,label,patient_id,center_id,width,height,tile_width,tile_height,tiff_bytes,sha256,sampled_regions,sample_patch_pixels,grid_size,background_rgb_estimate,regions_25pct_color_difference,regions_25pct_and_texture,sampled_median_difference_fraction,sampled_max_difference_fraction
028989_0,LAA,028989,5,32789,85695,128,128,1721260346,56beffe8c5ae6cac0ad2be1b01dab014881d8abbca0f0fa4ef1b037670942296,576,128,24,"255,250,255",162,158,0.0,1.0
055f6a_0,LAA,055f6a,6,16439,43353,128,128,266330932,be12d61440a8a2bf6bfdb37661d5766949703c5ddd9a70a768a1ec580dd1af36,576,128,24,"196,211,192",297,100,0.926,1.0
0cc0bc_0,CE,0cc0bc,4,8880,12045,128,128,58072668,cfdb3fe767df4f60df1cd34b4506ed896a1fff57ef3bcfd7e52de327091b24d8,576,128,24,"255,255,255",120,120,0.0,0.9999
113bb3_0,LAA,113bb3,8,12062,67739,128,128,48738406,ed1b7c67d464932b75b23e9000e5e61dc598485b5cab805901a13c646a02b3d5,576,128,24,"255,255,255",8,8,0.0,0.97
140d1a_0,CE,140d1a,6,8630,64599,128,128,211776390,00bc3d5ba1eb9b3c366db3ada790416c65bf8ab0aa2f1a4577f3a1cd684c6339,576,128,24,"196,211,192",312,93,0.9784,1.0
1f018f_0,LAA,1f018f,9,8579,33068,128,128,73585442,4bbc06c9932d6e2bdbce6633cbe54925a856b34eeb32c927aabe53559e5b0109,576,128,24,"234,216,254",52,52,0.0,0.9988
21726e_0,CE,21726e,5,18727,26749,128,128,206621132,33a9a34a24083bf4504fc33b9e307d65772c7979219c543259bbfacb706b37b6,576,128,24,"255,241,255",91,91,0.0,1.0
2745fc_0,CE,2745fc,11,21962,45181,128,128,318808270,f033bb1b51425e9a1313196d7ea41cad95bc98bc077fac8c192aef70bce9f104,576,128,24,"255,255,255",71,71,0.0,1.0
2a25b9_0,LAA,2a25b9,2,14333,24004,128,128,49536320,38fe97b30446894427000f3b3129d68108552bc881dfc94e95863f91534646f0,576,128,24,"255,255,255",22,22,0.0,1.0
4d15a9_0,CE,4d15a9,3,9903,27712,128,128,116503654,5e319b08a2360d8d47b20862af5675cfd0bf4f6fdc48b6bb73aecd085ee9e1c4,576,128,24,"255,255,255",92,92,0.0,1.0
4ded24_0,CE,4ded24,8,7220,32815,128,128,7368526,c2ad3aa5bd22c37dd82c57c755208fb0c519216887a3e26afde1d4a39e99709c,576,128,24,"255,255,255",2,2,0.0,0.8328
509042_0,CE,509042,1,31735,71863,128,128,402631516,e76f7b2a7ddaa6dc7262b93d27522f3a1900279f3e2b647c4682a316a7785df6,576,128,24,"255,241,255",50,40,0.0,1.0
53e0d7_0,LAA,53e0d7,10,15393,29523,128,128,139725984,4b14ac10210e0ff2de4318728d7207b392982b7118095884e0c679509b1ccea2,576,128,24,"255,250,255",73,73,0.0,1.0
579988_0,CE,579988,9,19798,35047,128,128,215362968,58584e656c892617fb0d681947c53f1c08cf5d85cc477b00aeb570b2bfff6a86,576,128,24,"234,216,254",70,70,0.0,1.0
588e11_0,CE,588e11,10,15035,28934,128,128,138955528,bbdbbae75f4b5a19c650a336168db93f7ab39c246392abbe256c8cd2b1df9356,576,128,24,"234,216,254",68,68,0.0,1.0
5ae30a_0,LAA,5ae30a,3,51843,17631,128,128,463907312,35dcf3e80df6a1bcdec94a614749da190a584b0ef6c1a282142598adaa9ba0e6,576,128,24,"244,244,243",53,53,0.0014,0.9999
5d4b88_0,CE,5d4b88,2,16734,58460,128,128,112387000,32a0be95827c31739cc06494f8e168037c1c694100c61dac0f5aeb69fdde3a42,576,128,24,"255,255,255",26,26,0.0,1.0
6e08cb_0,LAA,6e08cb,4,33023,34986,128,128,271084080,10a8b471cdf4861b2c6d8b26b081d8ca5f6c7ecbdb17252a5c53a6a87ccdf4ae,576,128,24,"255,255,255",62,60,0.0,1.0
70c523_0,LAA,70c523,7,15489,12936,128,128,83297014,b9e55ff0a0dfe53e853a0e47ff05592eec39f4fffa0474b1fb49447532032134,576,128,24,"196,211,192",436,120,1.0,1.0
9874eb_0,CE,9874eb,1,30599,112548,128,128,941956192,42e2596bca1ba146f3d29c38372b04235d0b40b9c687564b9928b87875d9c22a,576,128,24,"255,255,255",64,64,0.0,1.0
991ad1_0,CE,991ad1,7,9174,23198,128,128,12770436,4142e459e9de5e01b6c789304024793b9f374b08717f5884a843e6f61cc22843,576,128,24,"255,241,255",10,10,0.0,0.8595
9961af_0,LAA,9961af,11,9683,29272,128,128,87604972,3d40821f4df5ec868e3604ded4c7170c55072c76e8feceb3b7fc66d6d3524ef2,576,128,24,"255,255,255",66,66,0.0,1.0
c5d171_0,LAA,c5d171,1,42889,46928,128,128,629816640,e7d9bd15cf84435116f2ba8977687d88917e56f364884a848fc7804a0c2740d5,576,128,24,"255,255,255",70,70,0.0,1.0
c9ab6c_0,LAA,c9ab6c,1,32842,68163,128,128,1166477454,8deab434e300e5cc848da6627370741d80e19c163449f6b87269e82282e31b74,576,128,24,"255,255,255",136,112,0.0,1.0
dae554_0,LAA,dae554,2,13244,21243,128,128,65177620,1ab2445fa2a1aa41a1868e90fa9611d88671eb9bc8b9b1175c05e6888a5f431f,576,128,24,"255,255,255",45,45,0.0,0.9998
dd6316_0,CE,dd6316,2,16503,32295,128,128,125032602,2ac46620897f65672c7f0c22b139d85787cdfdd420e6f5b249fe3e166ace4450,576,128,24,"211,226,207",207,66,0.0,1.0
